timestamp,sxr_flux,hxr_flux
2024-05-10 12:00:00,5.5386765087142074e-08,1.6616029526142622e-08
2024-05-10 12:01:00,5.4941021924548915e-08,1.6482306577364672e-08
2024-05-10 12:02:00,5.5597488570702955e-08,1.6679246571210888e-08
2024-05-10 12:03:00,5.641435111954799e-08,1.6924305335864394e-08
2024-05-10 12:04:00,5.500226718592385e-08,1.6500680155777155e-08
2024-05-10 12:05:00,5.5046080217753133e-08,1.651382406532594e-08
2024-05-10 12:06:00,5.6598929964335076e-08,1.6979678989300522e-08
2024-05-10 12:07:00,5.591635965398556e-08,1.677490789619567e-08
2024-05-10 12:08:00,5.501026152290638e-08,1.6503078456871914e-08
2024-05-10 12:09:00,5.5818136952057477e-08,1.6745441085617244e-08
2024-05-10 12:10:00,5.510242129654638e-08,1.653072638896391e-08
2024-05-10 12:11:00,5.514481823897669e-08,1.6543445471693005e-08
2024-05-10 12:12:00,5.571104759031655e-08,1.6713314277094963e-08
2024-05-10 12:13:00,5.432291353358337e-08,1.6296874060075008e-08
2024-05-10 12:14:00,5.44745687238924e-08,1.634237061716772e-08
2024-05-10 12:15:00,5.5254169641343044e-08,1.6576250892402913e-08
2024-05-10 12:16:00,5.4998037744481784e-08,1.6499411323344534e-08
2024-05-10 12:17:00,5.598831617709577e-08,1.6796494853128728e-08
2024-05-10 12:18:00,5.5154559241977886e-08,1.6546367772593365e-08
2024-05-10 12:19:00,5.488096165315544e-08,1.6464288495946632e-08
2024-05-10 12:20:00,5.710925614617334e-08,1.7132776843852e-08
2024-05-10 12:21:00,5.575766811864317e-08,1.672730043559295e-08
2024-05-10 12:22:00,5.6019440765852914e-08,1.6805832229755875e-08
2024-05-10 12:23:00,5.50508435166889e-08,1.6515253055006668e-08
2024-05-10 12:24:00,5.5665310465123244e-08,1.6699593139536972e-08
2024-05-10 12:25:00,5.618572238071915e-08,1.6855716714215747e-08
2024-05-10 12:26:00,5.535349034700691e-08,1.660604710410207e-08
2024-05-10 12:27:00,5.648071078134062e-08,1.6944213234402188e-08
2024-05-10 12:28:00,5.580461346745395e-08,1.6741384040236183e-08
2024-05-10 12:29:00,5.606591911694098e-08,1.6819775735082296e-08
2024-05-10 12:30:00,5.589306363966692e-08,1.6767919091900076e-08
2024-05-10 12:31:00,5.797059580634127e-08,1.7391178741902378e-08
2024-05-10 12:32:00,5.640375646272118e-08,1.6921126938816352e-08
2024-05-10 12:33:00,5.572500171957202e-08,1.6717500515871607e-08
2024-05-10 12:34:00,5.7159848677541246e-08,1.7147954603262375e-08
2024-05-10 12:35:00,5.5711319891519264e-08,1.671339596745578e-08
2024-05-10 12:36:00,5.675189727200378e-08,1.7025569181601132e-08
2024-05-10 12:37:00,5.536412581170619e-08,1.6609237743511856e-08
2024-05-10 12:38:00,5.577918848424286e-08,1.6733756545272855e-08
2024-05-10 12:39:00,5.6877058555750095e-08,1.706311756672503e-08
2024-05-10 12:40:00,5.735776297067945e-08,1.7207328891203835e-08
2024-05-10 12:41:00,5.694715164365702e-08,1.7084145493097106e-08
2024-05-10 12:42:00,5.6775880237172554e-08,1.703276407115177e-08
2024-05-10 12:43:00,5.66859966294315e-08,1.7005798988829448e-08
2024-05-10 12:44:00,5.595721975763218e-08,1.6787165927289656e-08
2024-05-10 12:45:00,5.648497448289196e-08,1.6945492344867587e-08
2024-05-10 12:46:00,5.670791619757601e-08,1.7012374859272802e-08
2024-05-10 12:47:00,5.7945909496254146e-08,1.7383772848876242e-08
2024-05-10 12:48:00,5.7396260963438035e-08,1.721887828903141e-08
2024-05-10 12:49:00,5.601496806342395e-08,1.6804490419027186e-08
2024-05-10 12:50:00,5.74710000198713e-08,1.724130000596139e-08
2024-05-10 12:51:00,5.6986404232077314e-08,1.7095921269623194e-08
2024-05-10 12:52:00,5.6829386097083716e-08,1.7048815829125116e-08
2024-05-10 12:53:00,5.783775405471334e-08,1.7351326216414e-08
2024-05-10 12:54:00,5.823869629022666e-08,1.7471608887068e-08
2024-05-10 12:55:00,5.819722364314873e-08,1.745916709294462e-08
2024-05-10 12:56:00,5.690141080779164e-08,1.7070423242337492e-08
2024-05-10 12:57:00,5.731141665555838e-08,1.7193424996667515e-08
2024-05-10 12:58:00,5.783798134280558e-08,1.7351394402841674e-08
2024-05-10 12:59:00,5.841640268629736e-08,1.7524920805889206e-08
2024-05-10 13:00:00,5.732699291401819e-08,1.7198097874205457e-08
2024-05-10 13:01:00,5.758171485874365e-08,1.7274514457623094e-08
2024-05-10 13:02:00,5.6999771208356186e-08,1.7099931362506853e-08
2024-05-10 13:03:00,5.698836352356807e-08,1.7096509057070423e-08
2024-05-10 13:04:00,5.850304231193686e-08,1.755091269358106e-08
2024-05-10 13:05:00,5.9028324182126505e-08,1.7708497254637948e-08
2024-05-10 13:06:00,5.789192183711286e-08,1.7367576551133856e-08
2024-05-10 13:07:00,5.880325073113237e-08,1.7640975219339712e-08
2024-05-10 13:08:00,5.8315092706500175e-08,1.7494527811950054e-08
2024-05-10 13:09:00,5.762059411148258e-08,1.7286178233444772e-08
2024-05-10 13:10:00,5.8405687475451435e-08,1.7521706242635432e-08
2024-05-10 13:11:00,5.947001087685454e-08,1.7841003263056364e-08
2024-05-10 13:12:00,5.819119336853664e-08,1.745735801056099e-08
2024-05-10 13:13:00,5.958604764603793e-08,1.7875814293811378e-08
2024-05-10 13:14:00,5.668413763045012e-08,1.7005241289135034e-08
2024-05-10 13:15:00,5.90103527918909e-08,1.7703105837567268e-08
2024-05-10 13:16:00,5.846549159457351e-08,1.753964747837205e-08
2024-05-10 13:17:00,5.8225947784640687e-08,1.7467784335392203e-08
2024-05-10 13:18:00,5.856002392267775e-08,1.7568007176803322e-08
2024-05-10 13:19:00,5.724721902729429e-08,1.7174165708188284e-08
2024-05-10 13:20:00,5.841964026474159e-08,1.7525892079422477e-08
2024-05-10 13:21:00,5.8902349176240864e-08,1.767070475287226e-08
2024-05-10 13:22:00,5.991360538914943e-08,1.797408161674483e-08
2024-05-10 13:23:00,5.8344257811246734e-08,1.7503277343374018e-08
2024-05-10 13:24:00,5.819271268543577e-08,1.745781380563073e-08
2024-05-10 13:25:00,5.8446778559137026e-08,1.7534033567741105e-08
2024-05-10 13:26:00,5.959073581151437e-08,1.7877220743454313e-08
2024-05-10 13:27:00,5.91530957534102e-08,1.774592872602306e-08
2024-05-10 13:28:00,5.8563948833275164e-08,1.756918464998255e-08
2024-05-10 13:29:00,5.939159413209561e-08,1.781747823962868e-08
2024-05-10 13:30:00,5.9110325816463944e-08,1.773309774493918e-08
2024-05-10 13:31:00,5.98644490707076e-08,1.7959334721212274e-08
2024-05-10 13:32:00,5.862832536660747e-08,1.758849760998224e-08
2024-05-10 13:33:00,5.893383885530393e-08,1.768015165659118e-08
2024-05-10 13:34:00,5.893360096854447e-08,1.7680080290563343e-08
2024-05-10 13:35:00,5.8279250081916836e-08,1.748377502457505e-08
2024-05-10 13:36:00,5.9537413639518724e-08,1.7861224091855617e-08
2024-05-10 13:37:00,5.955555132817078e-08,1.786666539845123e-08
2024-05-10 13:38:00,5.940527098048863e-08,1.7821581294146585e-08
2024-05-10 13:39:00,5.927411139527574e-08,1.778223341858272e-08
2024-05-10 13:40:00,5.853613645198846e-08,1.7560840935596538e-08
2024-05-10 13:41:00,5.9232366963609286e-08,1.7769710089082786e-08
2024-05-10 13:42:00,5.933311615403526e-08,1.7799934846210577e-08
2024-05-10 13:43:00,5.9062295249909396e-08,1.7718688574972818e-08
2024-05-10 13:44:00,5.9555242453360836e-08,1.7866572736008252e-08
2024-05-10 13:45:00,6.003270915064262e-08,1.8009812745192786e-08
2024-05-10 13:46:00,6.140088706360073e-08,1.8420266119080217e-08
2024-05-10 13:47:00,5.994403853937798e-08,1.7983211561813397e-08
2024-05-10 13:48:00,6.005384947895524e-08,1.8016154843686572e-08
2024-05-10 13:49:00,5.984690911377384e-08,1.795407273413215e-08
2024-05-10 13:50:00,5.8697452225427394e-08,1.7609235667628217e-08
2024-05-10 13:51:00,5.99736214134214e-08,1.7992086424026418e-08
2024-05-10 13:52:00,6.00843521279034e-08,1.802530563837102e-08
2024-05-10 13:53:00,6.23194308130674e-08,1.8695829243920223e-08
2024-05-10 13:54:00,5.998775878361974e-08,1.799632763508592e-08
2024-05-10 13:55:00,6.040680612242239e-08,1.812204183672672e-08
2024-05-10 13:56:00,6.019496287645782e-08,1.8058488862937346e-08
2024-05-10 13:57:00,5.94624153174483e-08,1.7838724595234487e-08
2024-05-10 13:58:00,6.124682046600971e-08,1.837404613980291e-08
2024-05-10 13:59:00,6.095428616553766e-08,1.8286285849661294e-08
2024-05-10 14:00:00,6.103264562436826e-08,1.830979368731048e-08
2024-05-10 14:01:00,5.981059903565358e-08,1.794317971069607e-08
2024-05-10 14:02:00,6.166455837671317e-08,1.849936751301395e-08
2024-05-10 14:03:00,5.9590781788058054e-08,1.7877234536417416e-08
2024-05-10 14:04:00,6.104447369718608e-08,1.8313342109155822e-08
2024-05-10 14:05:00,6.257464660460894e-08,1.8772393981382683e-08
2024-05-10 14:06:00,5.998477452846324e-08,1.799543235853897e-08
2024-05-10 14:07:00,6.031328853680049e-08,1.8093986561040146e-08
2024-05-10 14:08:00,6.084111042260349e-08,1.8252333126781047e-08
2024-05-10 14:09:00,6.044743311233548e-08,1.8134229933700643e-08
2024-05-10 14:10:00,5.981879563752976e-08,1.7945638691258927e-08
2024-05-10 14:11:00,6.095342096185285e-08,1.8286026288555853e-08
2024-05-10 14:12:00,6.021051773429979e-08,1.806315532028994e-08
2024-05-10 14:13:00,6.136038374173774e-08,1.8408115122521323e-08
2024-05-10 14:14:00,6.039338107326779e-08,1.8118014321980336e-08
2024-05-10 14:15:00,6.239142650391025e-08,1.8717427951173076e-08
2024-05-10 14:16:00,6.057369916256703e-08,1.8172109748770108e-08
2024-05-10 14:17:00,6.093732708664536e-08,1.8281198125993607e-08
2024-05-10 14:18:00,6.186722729160796e-08,1.8560168187482388e-08
2024-05-10 14:19:00,6.042051157422508e-08,1.8126153472267523e-08
2024-05-10 14:20:00,6.148211937650607e-08,1.844463581295182e-08
2024-05-10 14:21:00,6.243675915773825e-08,1.8731027747321476e-08
2024-05-10 14:22:00,6.032750563348571e-08,1.8098251690045712e-08
2024-05-10 14:23:00,6.158425657090748e-08,1.8475276971272243e-08
2024-05-10 14:24:00,6.168765196223534e-08,1.8506295588670605e-08
2024-05-10 14:25:00,6.215604785919072e-08,1.864681435775721e-08
2024-05-10 14:26:00,6.07321806720156e-08,1.821965420160468e-08
2024-05-10 14:27:00,6.072545817662166e-08,1.8217637452986495e-08
2024-05-10 14:28:00,6.207603015945081e-08,1.8622809047835245e-08
2024-05-10 14:29:00,6.194154467434981e-08,1.858246340230494e-08
2024-05-10 14:30:00,6.195011739038603e-08,1.858503521711581e-08
2024-05-10 14:31:00,6.207025757029767e-08,1.8621077271089298e-08
2024-05-10 14:32:00,6.136353438905586e-08,1.8409060316716755e-08
2024-05-10 14:33:00,6.207048896638354e-08,1.8621146689915058e-08
2024-05-10 14:34:00,6.216273492773024e-08,1.864882047831907e-08
2024-05-10 14:35:00,6.147474122427251e-08,1.8442422367281754e-08
2024-05-10 14:36:00,6.364230609773047e-08,1.909269182931914e-08
2024-05-10 14:37:00,6.244056575008893e-08,1.8732169725026682e-08
2024-05-10 14:38:00,6.129874606642944e-08,1.838962381992883e-08
2024-05-10 14:39:00,6.267907874276551e-08,1.8803723622829654e-08
2024-05-10 14:40:00,6.152614191651202e-08,1.8457842574953605e-08
2024-05-10 14:41:00,6.287739699286969e-08,1.8863219097860905e-08
2024-05-10 14:42:00,6.324441380473001e-08,1.8973324141419004e-08
2024-05-10 14:43:00,6.176078941567341e-08,1.8528236824702023e-08
2024-05-10 14:44:00,6.316177150292823e-08,1.8948531450878466e-08
2024-05-10 14:45:00,6.27482668286364e-08,1.882448004859092e-08
2024-05-10 14:46:00,6.312950266372565e-08,1.8938850799117697e-08
2024-05-10 14:47:00,6.416334905367919e-08,1.9249004716103753e-08
2024-05-10 14:48:00,6.238141113507848e-08,1.8714423340523544e-08
2024-05-10 14:49:00,6.207192504723685e-08,1.8621577514171052e-08
2024-05-10 14:50:00,6.202619796142392e-08,1.8607859388427176e-08
2024-05-10 14:51:00,6.211910465327021e-08,1.8635731395981063e-08
2024-05-10 14:52:00,6.268174264633586e-08,1.880452279390076e-08
2024-05-10 14:53:00,6.304595206688864e-08,1.8913785620066592e-08
2024-05-10 14:54:00,6.303946855016094e-08,1.891184056504828e-08
2024-05-10 14:55:00,6.353221989087507e-08,1.905966596726252e-08
2024-05-10 14:56:00,6.292554293756122e-08,1.8877662881268365e-08
2024-05-10 14:57:00,6.417794614314894e-08,1.9253383842944683e-08
2024-05-10 14:58:00,6.280922180740165e-08,1.884276654222049e-08
2024-05-10 14:59:00,6.556701575327442e-08,1.967010472598232e-08
2024-05-10 15:00:00,6.358368756906775e-08,1.9075106270720324e-08
2024-05-10 15:01:00,6.253233862316398e-08,1.8759701586949196e-08
2024-05-10 15:02:00,6.243745497658781e-08,1.873123649297634e-08
2024-05-10 15:03:00,6.359850556014052e-08,1.9079551668042155e-08
2024-05-10 15:04:00,6.310217408233946e-08,1.8930652224701837e-08
2024-05-10 15:05:00,6.38759366759216e-08,1.916278100277648e-08
2024-05-10 15:06:00,6.372220951695319e-08,1.9116662855085957e-08
2024-05-10 15:07:00,6.334368434747419e-08,1.9003105304242256e-08
2024-05-10 15:08:00,6.284517735632127e-08,1.8853553206896378e-08
2024-05-10 15:09:00,6.246883157056823e-08,1.8740649471170467e-08
2024-05-10 15:10:00,6.320470910135233e-08,1.8961412730405695e-08
2024-05-10 15:11:00,6.425745391656625e-08,1.9277236174969876e-08
2024-05-10 15:12:00,6.377865402038723e-08,1.9133596206116168e-08
2024-05-10 15:13:00,6.280662915582245e-08,1.884198874674673e-08
2024-05-10 15:14:00,6.383372897691167e-08,1.91501186930735e-08
2024-05-10 15:15:00,6.404290479813582e-08,1.9212871439440743e-08
2024-05-10 15:16:00,6.316778474614687e-08,1.895033542384406e-08
2024-05-10 15:17:00,6.394841116388702e-08,1.9184523349166108e-08
2024-05-10 15:18:00,6.391873956590182e-08,1.9175621869770545e-08
2024-05-10 15:19:00,6.313018682273048e-08,1.8939056046819144e-08
2024-05-10 15:20:00,6.423664170316814e-08,1.927099251095044e-08
2024-05-10 15:21:00,6.444271736278283e-08,1.9332815208834847e-08
2024-05-10 15:22:00,6.4928837120256e-08,1.94786511360768e-08
2024-05-10 15:23:00,6.4945946695101e-08,1.94837840085303e-08
2024-05-10 15:24:00,6.319903074115649e-08,1.8959709222346945e-08
2024-05-10 15:25:00,6.351912871347933e-08,1.90557386140438e-08
2024-05-10 15:26:00,6.461955501608614e-08,1.9385866504825842e-08
2024-05-10 15:27:00,6.466118944627998e-08,1.9398356833883995e-08
2024-05-10 15:28:00,6.470480368298611e-08,1.9411441104895835e-08
2024-05-10 15:29:00,6.825728647015616e-08,2.0477185941046846e-08
2024-05-10 15:30:00,6.483525809421996e-08,1.9450577428265983e-08
2024-05-10 15:31:00,6.535915702807109e-08,1.9607747108421327e-08
2024-05-10 15:32:00,6.524224397532231e-08,1.957267319259669e-08
2024-05-10 15:33:00,6.50285355859655e-08,1.9508560675789648e-08
2024-05-10 15:34:00,6.432663359770205e-08,1.9297990079310612e-08
2024-05-10 15:35:00,6.520267144024914e-08,1.956080143207474e-08
2024-05-10 15:36:00,6.409462943085094e-08,1.9228388829255284e-08
2024-05-10 15:37:00,6.4509495145954e-08,1.9352848543786198e-08
2024-05-10 15:38:00,6.437492194484378e-08,1.9312476583453136e-08
2024-05-10 15:39:00,6.482975079426173e-08,1.944892523827852e-08
2024-05-10 15:40:00,6.688535313620019e-08,2.0065605940860056e-08
2024-05-10 15:41:00,6.363027781583543e-08,1.908908334475063e-08
2024-05-10 15:42:00,6.543559081426538e-08,1.9630677244279612e-08
2024-05-10 15:43:00,6.386082707430992e-08,1.9158248122292974e-08
2024-05-10 15:44:00,6.463511922796276e-08,1.939053576838883e-08
2024-05-10 15:45:00,6.59056151360869e-08,1.9771684540826072e-08
2024-05-10 15:46:00,6.51083788793785e-08,1.953251366381355e-08
2024-05-10 15:47:00,6.435503646359231e-08,1.9306510939077693e-08
2024-05-10 15:48:00,6.463408350631147e-08,1.9390225051893443e-08
2024-05-10 15:49:00,6.572069152429419e-08,1.9716207457288255e-08
2024-05-10 15:50:00,6.470653200753818e-08,1.941195960226145e-08
2024-05-10 15:51:00,6.543156867965448e-08,1.9629470603896343e-08
2024-05-10 15:52:00,6.534198205626896e-08,1.9602594616880685e-08
2024-05-10 15:53:00,6.488316718509978e-08,1.946495015552993e-08
2024-05-10 15:54:00,6.728634077058943e-08,2.0185902231176826e-08
2024-05-10 15:55:00,6.592943243207635e-08,1.9778829729622904e-08
2024-05-10 15:56:00,6.416165486149223e-08,1.924849645844767e-08
2024-05-10 15:57:00,6.565410382806745e-08,1.9696231148420234e-08
2024-05-10 15:58:00,6.50805012408635e-08,1.9524150372259047e-08
2024-05-10 15:59:00,6.627564010285699e-08,1.98826920308571e-08
2024-05-10 16:00:00,6.507379211417975e-08,1.9522137634253925e-08
2024-05-10 16:01:00,6.558939390236035e-08,1.9676818170708105e-08
2024-05-10 16:02:00,6.610858960102224e-08,1.9832576880306668e-08
2024-05-10 16:03:00,6.644885172534492e-08,1.993465551760347e-08
2024-05-10 16:04:00,6.49719329377478e-08,1.9491579881324343e-08
2024-05-10 16:05:00,6.559128691575018e-08,1.967738607472505e-08
2024-05-10 16:06:00,6.55322873143279e-08,1.9659686194298364e-08
2024-05-10 16:07:00,6.54494070819058e-08,1.9634822124571736e-08
2024-05-10 16:08:00,6.747210996224774e-08,2.024163298867432e-08
2024-05-10 16:09:00,6.630919616460793e-08,1.989275884938238e-08
2024-05-10 16:10:00,6.517425627673719e-08,1.9552276883021158e-08
2024-05-10 16:11:00,6.681366053351411e-08,2.004409816005423e-08
2024-05-10 16:12:00,6.798940077230329e-08,2.039682023169099e-08
2024-05-10 16:13:00,6.699242130365165e-08,2.0097726391095495e-08
2024-05-10 16:14:00,6.51754056583252e-08,1.955262169749756e-08
2024-05-10 16:15:00,6.588354596637047e-08,1.9765063789911142e-08
2024-05-10 16:16:00,6.731967290604136e-08,2.0195901871812406e-08
2024-05-10 16:17:00,6.580892751501924e-08,1.974267825450577e-08
2024-05-10 16:18:00,6.669587194637481e-08,2.0008761583912443e-08
2024-05-10 16:19:00,6.700686803575986e-08,2.010206041072796e-08
2024-05-10 16:20:00,6.578079483460312e-08,1.9734238450380934e-08
2024-05-10 16:21:00,6.642433313209356e-08,1.9927299939628068e-08
2024-05-10 16:22:00,6.458247167308041e-08,1.9374741501924123e-08
2024-05-10 16:23:00,6.583425837470365e-08,1.9750277512411093e-08
2024-05-10 16:24:00,6.639925161331444e-08,1.9919775483994332e-08
2024-05-10 16:25:00,6.577027591351822e-08,1.9731082774055467e-08
2024-05-10 16:26:00,6.80495073657806e-08,2.0414852209734182e-08
2024-05-10 16:27:00,6.573536988061976e-08,1.972061096418593e-08
2024-05-10 16:28:00,6.641971573734441e-08,1.992591472120332e-08
2024-05-10 16:29:00,6.687639075988695e-08,2.0062917227966086e-08
2024-05-10 16:30:00,6.802225271195055e-08,2.0406675813585166e-08
2024-05-10 16:31:00,6.588483383439796e-08,1.9765450150319387e-08
2024-05-10 16:32:00,6.784477093599266e-08,2.0353431280797797e-08
2024-05-10 16:33:00,6.693727351451617e-08,2.008118205435485e-08
2024-05-10 16:34:00,6.628292122706047e-08,1.9884876368118142e-08
2024-05-10 16:35:00,6.736404539356797e-08,2.020921361807039e-08
2024-05-10 16:36:00,6.719437555183382e-08,2.0158312665550147e-08
2024-05-10 16:37:00,6.664990207423831e-08,1.9994970622271492e-08
2024-05-10 16:38:00,6.71704956595694e-08,2.0151148697870816e-08
2024-05-10 16:39:00,6.68744592733139e-08,2.0062337781994167e-08
2024-05-10 16:40:00,6.727840954103595e-08,2.0183522862310785e-08
2024-05-10 16:41:00,6.775183683868619e-08,2.0325551051605858e-08
2024-05-10 16:42:00,6.86097735601753e-08,2.058293206805259e-08
2024-05-10 16:43:00,6.645658603800913e-08,1.9936975811402735e-08
2024-05-10 16:44:00,6.922610412722174e-08,2.076783123816652e-08
2024-05-10 16:45:00,6.610840578796819e-08,1.983252173639046e-08
2024-05-10 16:46:00,6.730177340047374e-08,2.019053202014212e-08
2024-05-10 16:47:00,6.791225101269302e-08,2.03736753038079e-08
2024-05-10 16:48:00,6.770274303328343e-08,2.031082290998503e-08
2024-05-10 16:49:00,6.707805754847163e-08,2.012341726454149e-08
2024-05-10 16:50:00,6.740659679294728e-08,2.0221979037884184e-08
2024-05-10 16:51:00,6.724011225529501e-08,2.0172033676588502e-08
2024-05-10 16:52:00,6.720962092581755e-08,2.0162886277745267e-08
2024-05-10 16:53:00,6.834830304295782e-08,2.0504490912887344e-08
2024-05-10 16:54:00,6.79797280091408e-08,2.039391840274224e-08
2024-05-10 16:55:00,6.724692973331269e-08,2.017407891999381e-08
2024-05-10 16:56:00,6.849860698693053e-08,2.054958209607916e-08
2024-05-10 16:57:00,6.804778471136893e-08,2.041433541341068e-08
2024-05-10 16:58:00,6.849583496202498e-08,2.0548750488607492e-08
2024-05-10 16:59:00,6.83781500665184e-08,2.051344501995552e-08
2024-05-10 17:00:00,6.733361149881972e-08,2.0200083449645914e-08
2024-05-10 17:01:00,6.75505279579221e-08,2.026515838737663e-08
2024-05-10 17:02:00,6.858172560954043e-08,2.0574517682862125e-08
2024-05-10 17:03:00,6.8503058850263e-08,2.05509176550789e-08
2024-05-10 17:04:00,6.804295027370108e-08,2.0412885082110324e-08
2024-05-10 17:05:00,6.818220309208088e-08,2.0454660927624265e-08
2024-05-10 17:06:00,6.918438133561093e-08,2.075531440068328e-08
2024-05-10 17:07:00,6.773820361375445e-08,2.0321461084126335e-08
2024-05-10 17:08:00,6.862490661630178e-08,2.0587471984890533e-08
2024-05-10 17:09:00,6.808231274470771e-08,2.0424693823412313e-08
2024-05-10 17:10:00,6.810535326626697e-08,2.0431605979880093e-08
2024-05-10 17:11:00,6.919605068289469e-08,2.0758815204868406e-08
2024-05-10 17:12:00,6.89932663010119e-08,2.069797989030357e-08
2024-05-10 17:13:00,6.901714132891433e-08,2.07051423986743e-08
2024-05-10 17:14:00,6.948363642239571e-08,2.0845090926718715e-08
2024-05-10 17:15:00,6.845161811019199e-08,2.0535485433057596e-08
2024-05-10 17:16:00,6.900802493989584e-08,2.070240748196875e-08
2024-05-10 17:17:00,6.827565176709368e-08,2.0482695530128104e-08
2024-05-10 17:18:00,6.878557645270876e-08,2.0635672935812626e-08
2024-05-10 17:19:00,6.847309551708865e-08,2.0541928655126595e-08
2024-05-10 17:20:00,6.867623577962418e-08,2.0602870733887253e-08
2024-05-10 17:21:00,6.910294411047678e-08,2.073088323314303e-08
2024-05-10 17:22:00,6.809151986874333e-08,2.0427455960622998e-08
2024-05-10 17:23:00,7.054536146216219e-08,2.116360843864866e-08
2024-05-10 17:24:00,6.803429021187946e-08,2.0410287063563835e-08
2024-05-10 17:25:00,6.793473986375421e-08,2.0380421959126263e-08
2024-05-10 17:26:00,6.974838006852471e-08,2.092451402055741e-08
2024-05-10 17:27:00,6.946263179270667e-08,2.0838789537811997e-08
2024-05-10 17:28:00,6.935518376756554e-08,2.080655513026966e-08
2024-05-10 17:29:00,6.939083887724828e-08,2.0817251663174484e-08
2024-05-10 17:30:00,6.891953734474646e-08,2.0675861203423937e-08
2024-05-10 17:31:00,6.833103343106976e-08,2.049931002932093e-08
2024-05-10 17:32:00,6.904965516230154e-08,2.0714896548690457e-08
2024-05-10 17:33:00,6.854125286282482e-08,2.0562375858847445e-08
2024-05-10 17:34:00,6.984330078037095e-08,2.0952990234111287e-08
2024-05-10 17:35:00,6.897815180806292e-08,2.0693445542418874e-08
2024-05-10 17:36:00,6.853626022149472e-08,2.0560878066448413e-08
2024-05-10 17:37:00,6.891449368552525e-08,2.0674348105657572e-08
2024-05-10 17:38:00,6.950041542116113e-08,2.0850124626348338e-08
2024-05-10 17:39:00,6.880650150504497e-08,2.064195045151349e-08
2024-05-10 17:40:00,6.86626263135062e-08,2.0598787894051858e-08
2024-05-10 17:41:00,6.945967309878683e-08,2.0837901929636046e-08
2024-05-10 17:42:00,6.949129248958901e-08,2.0847387746876703e-08
2024-05-10 17:43:00,6.896854086132656e-08,2.0690562258397968e-08
2024-05-10 17:44:00,6.902394392324124e-08,2.0707183176972374e-08
2024-05-10 17:45:00,6.957238829019309e-08,2.0871716487057923e-08
2024-05-10 17:46:00,6.844921245968855e-08,2.0534763737906565e-08
2024-05-10 17:47:00,6.85038123599028e-08,2.055114370797084e-08
2024-05-10 17:48:00,6.897449473562119e-08,2.0692348420686357e-08
2024-05-10 17:49:00,6.93575175984721e-08,2.080725527954163e-08
2024-05-10 17:50:00,6.978340352534789e-08,2.0935021057604363e-08
2024-05-10 17:51:00,7.081271658214294e-08,2.1243814974642883e-08
2024-05-10 17:52:00,7.029004115477373e-08,2.1087012346432114e-08
2024-05-10 17:53:00,6.95143143379048e-08,2.0854294301371438e-08
2024-05-10 17:54:00,6.964772536884079e-08,2.0894317610652237e-08
2024-05-10 17:55:00,6.899287339977269e-08,2.0697862019931804e-08
2024-05-10 17:56:00,6.970597112374065e-08,2.0911791337122195e-08
2024-05-10 17:57:00,6.95367050105454e-08,2.0861011503163618e-08
2024-05-10 17:58:00,7.002518514771344e-08,2.100755554431403e-08
2024-05-10 17:59:00,6.922220159771728e-08,2.0766660479315187e-08
2024-05-10 18:00:00,7.023911388192648e-08,2.1071734164577942e-08
2024-05-10 18:01:00,7.115469342692412e-08,2.1346408028077235e-08
2024-05-10 18:02:00,6.98094395213323e-08,2.0942831856399692e-08
2024-05-10 18:03:00,7.022885634046475e-08,2.1068656902139423e-08
2024-05-10 18:04:00,7.04914899408193e-08,2.1147446982245787e-08
2024-05-10 18:05:00,6.968180099213472e-08,2.0904540297640416e-08
2024-05-10 18:06:00,7.017233312425971e-08,2.1051699937277914e-08
2024-05-10 18:07:00,7.003829447927102e-08,2.1011488343781304e-08
2024-05-10 18:08:00,7.012993866597622e-08,2.103898159979287e-08
2024-05-10 18:09:00,6.953590205597324e-08,2.0860770616791972e-08
2024-05-10 18:10:00,7.012875995514223e-08,2.1038627986542666e-08
2024-05-10 18:11:00,7.052504560990365e-08,2.1157513682971096e-08
2024-05-10 18:12:00,7.137990077173285e-08,2.1413970231519852e-08
2024-05-10 18:13:00,7.096442592432851e-08,2.1289327777298552e-08
2024-05-10 18:14:00,7.212330136670269e-08,2.1636990410010805e-08
2024-05-10 18:15:00,6.969986452069257e-08,2.090995935620777e-08
2024-05-10 18:16:00,7.096868386642145e-08,2.1290605159926433e-08
2024-05-10 18:17:00,7.043521053068428e-08,2.1130563159205284e-08
2024-05-10 18:18:00,7.226595464100667e-08,2.1679786392302003e-08
2024-05-10 18:19:00,6.977663984401385e-08,2.0932991953204153e-08
2024-05-10 18:20:00,6.978148489513423e-08,2.093444546854027e-08
2024-05-10 18:21:00,6.996883329340033e-08,2.09906499880201e-08
2024-05-10 18:22:00,6.906004534232086e-08,2.0718013602696256e-08
2024-05-10 18:23:00,7.007024475351297e-08,2.102107342605389e-08
2024-05-10 18:24:00,6.99364007098822e-08,2.0980920212964662e-08
2024-05-10 18:25:00,7.061358509759258e-08,2.1184075529277772e-08
2024-05-10 18:26:00,7.078734559720012e-08,2.1236203679160038e-08
2024-05-10 18:27:00,7.217412892858055e-08,2.1652238678574165e-08
2024-05-10 18:28:00,7.133972938818628e-08,2.140191881645588e-08
2024-05-10 18:29:00,7.018352654452801e-08,2.1055057963358404e-08
2024-05-10 18:30:00,6.999190306197199e-08,2.0997570918591597e-08
2024-05-10 18:31:00,7.102930727544473e-08,2.1308792182633418e-08
2024-05-10 18:32:00,6.97721092534826e-08,2.093163277604478e-08
2024-05-10 18:33:00,7.227505164295088e-08,2.1682515492885266e-08
2024-05-10 18:34:00,7.168560555800992e-08,2.150568166740298e-08
2024-05-10 18:35:00,7.040172502535931e-08,2.112051750760779e-08
2024-05-10 18:36:00,6.96318814627748e-08,2.0889564438832438e-08
2024-05-10 18:37:00,7.19140534535775e-08,2.157421603607325e-08
2024-05-10 18:38:00,7.072615085041294e-08,2.121784525512388e-08
2024-05-10 18:39:00,7.185444226485367e-08,2.1556332679456102e-08
2024-05-10 18:40:00,6.979356733835286e-08,2.093807020150586e-08
2024-05-10 18:41:00,7.044991377687449e-08,2.113497413306235e-08
2024-05-10 18:42:00,7.090630807967902e-08,2.1271892423903705e-08
2024-05-10 18:43:00,7.096013163530014e-08,2.1288039490590042e-08
2024-05-10 18:44:00,7.062061576072883e-08,2.1186184728218647e-08
2024-05-10 18:45:00,7.145878229768164e-08,2.1437634689304493e-08
2024-05-10 18:46:00,7.025119372089367e-08,2.10753581162681e-08
2024-05-10 18:47:00,7.090724114080691e-08,2.127217234224207e-08
2024-05-10 18:48:00,7.112559538536832e-08,2.1337678615610495e-08
2024-05-10 18:49:00,7.145717354364203e-08,2.143715206309261e-08
2024-05-10 18:50:00,7.164066881196934e-08,2.1492200643590803e-08
2024-05-10 18:51:00,7.032247391870792e-08,2.1096742175612374e-08
2024-05-10 18:52:00,7.009191539183097e-08,2.102757461754929e-08
2024-05-10 18:53:00,7.219687050722752e-08,2.1659061152168257e-08
2024-05-10 18:54:00,7.141694669962315e-08,2.1425084009886944e-08
2024-05-10 18:55:00,7.065101178551259e-08,2.1195303535653775e-08
2024-05-10 18:56:00,7.251231819859275e-08,2.1753695459577826e-08
2024-05-10 18:57:00,7.131030292068693e-08,2.1393090876206076e-08
2024-05-10 18:58:00,7.221047912997243e-08,2.1663143738991727e-08
2024-05-10 18:59:00,7.13138602755637e-08,2.1394158082669112e-08
2024-05-10 19:00:00,7.30938994644861e-08,2.192816983934583e-08
2024-05-10 19:01:00,7.280862319085289e-08,2.1842586957255865e-08
2024-05-10 19:02:00,7.113880587124076e-08,2.1341641761372226e-08
2024-05-10 19:03:00,7.212593888463173e-08,2.1637781665389516e-08
2024-05-10 19:04:00,7.186897139964254e-08,2.1560691419892765e-08
2024-05-10 19:05:00,7.2519265972044e-08,2.1755779791613198e-08
2024-05-10 19:06:00,7.0725015594793e-08,2.12175046784379e-08
2024-05-10 19:07:00,7.195950627496555e-08,2.1587851882489664e-08
2024-05-10 19:08:00,7.229649861148612e-08,2.1688949583445833e-08
2024-05-10 19:09:00,7.029526651541766e-08,2.1088579954625298e-08
2024-05-10 19:10:00,7.065984855070013e-08,2.119795456521004e-08
2024-05-10 19:11:00,7.017352242737933e-08,2.1052056728213796e-08
2024-05-10 19:12:00,7.131115153321064e-08,2.1393345459963195e-08
2024-05-10 19:13:00,7.209522154469258e-08,2.1628566463407773e-08
2024-05-10 19:14:00,7.280856527370923e-08,2.184256958211277e-08
2024-05-10 19:15:00,7.16181637042069e-08,2.148544911126207e-08
2024-05-10 19:16:00,7.296325879795804e-08,2.1888977639387414e-08
2024-05-10 19:17:00,7.066193947735204e-08,2.1198581843205615e-08
2024-05-10 19:18:00,7.048659494504437e-08,2.114597848351331e-08
2024-05-10 19:19:00,7.158940741679105e-08,2.147682222503731e-08
2024-05-10 19:20:00,7.194416276401648e-08,2.1583248829204944e-08
2024-05-10 19:21:00,7.163979554647635e-08,2.1491938663942906e-08
2024-05-10 19:22:00,7.034750845053022e-08,2.1104252535159068e-08
2024-05-10 19:23:00,7.163059014588092e-08,2.1489177043764275e-08
2024-05-10 19:24:00,7.08245278962523e-08,2.1247358368875695e-08
2024-05-10 19:25:00,7.225742618534793e-08,2.1677227855604377e-08
2024-05-10 19:26:00,7.202753679591156e-08,2.1608261038773464e-08
2024-05-10 19:27:00,7.110306178835312e-08,2.1330918536505935e-08
2024-05-10 19:28:00,7.140510499009243e-08,2.1421531497027728e-08
2024-05-10 19:29:00,7.105684060080026e-08,2.1317052180240076e-08
2024-05-10 19:30:00,7.175973583358187e-08,2.1527920750074565e-08
2024-05-10 19:31:00,7.259174822300148e-08,2.1777524466900444e-08
2024-05-10 19:32:00,7.114914591710518e-08,2.1344743775131554e-08
2024-05-10 19:33:00,7.224376221064482e-08,2.1673128663193442e-08
2024-05-10 19:34:00,7.148330708215207e-08,2.144499212464562e-08
2024-05-10 19:35:00,7.131930595616446e-08,2.139579178684934e-08
2024-05-10 19:36:00,7.181453181004514e-08,2.1544359543013545e-08
2024-05-10 19:37:00,7.118905508511273e-08,2.135671652553382e-08
2024-05-10 19:38:00,7.152362236407151e-08,2.145708670922145e-08
2024-05-10 19:39:00,7.111348270919038e-08,2.1334044812757112e-08
2024-05-10 19:40:00,7.366303319684395e-08,2.2098909959053186e-08
2024-05-10 19:41:00,7.198926686297465e-08,2.1596780058892395e-08
2024-05-10 19:42:00,7.147778643958688e-08,2.1443335931876062e-08
2024-05-10 19:43:00,7.215213299457834e-08,2.16456398983735e-08
2024-05-10 19:44:00,7.191840745726731e-08,2.157552223718019e-08
2024-05-10 19:45:00,7.185167647258124e-08,2.1555502941774375e-08
2024-05-10 19:46:00,7.250977242659398e-08,2.1752931727978192e-08
2024-05-10 19:47:00,7.264134101369312e-08,2.1792402304107936e-08
2024-05-10 19:48:00,7.166946572424623e-08,2.1500839717273866e-08
2024-05-10 19:49:00,7.165026765837331e-08,2.1495080297511992e-08
2024-05-10 19:50:00,7.187383415675685e-08,2.1562150247027054e-08
2024-05-10 19:51:00,7.062776120693114e-08,2.118832836207934e-08
2024-05-10 19:52:00,7.10827630159609e-08,2.1324828904788268e-08
2024-05-10 19:53:00,7.324851026425879e-08,2.1974553079277635e-08
2024-05-10 19:54:00,7.352121765500611e-08,2.2056365296501835e-08
2024-05-10 19:55:00,7.194971550706087e-08,2.1584914652118262e-08
2024-05-10 19:56:00,7.259564246301229e-08,2.1778692738903686e-08
2024-05-10 19:57:00,7.239371064919923e-08,2.1718113194759767e-08
2024-05-10 19:58:00,7.510022888557568e-08,2.2530068665672704e-08
2024-05-10 19:59:00,7.309007108456524e-08,2.192702132536957e-08
2024-05-10 20:00:00,7.209100584530461e-08,2.1627301753591385e-08
2024-05-10 20:01:00,7.152846321029119e-08,2.145853896308736e-08
2024-05-10 20:02:00,7.113539672648473e-08,2.134061901794542e-08
2024-05-10 20:03:00,7.237077352516175e-08,2.1711232057548526e-08
2024-05-10 20:04:00,7.168915353056648e-08,2.1506746059169947e-08
2024-05-10 20:05:00,7.127426659065718e-08,2.138227997719715e-08
2024-05-10 20:06:00,7.178195901685366e-08,2.15345877050561e-08
2024-05-10 20:07:00,7.150443004664933e-08,2.14513290139948e-08
2024-05-10 20:08:00,7.370201508701343e-08,2.2110604526104023e-08
2024-05-10 20:09:00,7.297784603688719e-08,2.1893353811066154e-08
2024-05-10 20:10:00,7.227351823931158e-08,2.1682055471793477e-08
2024-05-10 20:11:00,7.35307240516237e-08,2.205921721548711e-08
2024-05-10 20:12:00,7.235454099659817e-08,2.1706362298979455e-08
2024-05-10 20:13:00,7.169828918850247e-08,2.150948675655074e-08
2024-05-10 20:14:00,7.359555706625987e-08,2.207866711987796e-08
2024-05-10 20:15:00,7.274090716057113e-08,2.182227214817134e-08
2024-05-10 20:16:00,7.16070862380047e-08,2.148212587140141e-08
2024-05-10 20:17:00,7.219420261193408e-08,2.1658260783580225e-08
2024-05-10 20:18:00,7.172677020582058e-08,2.1518031061746172e-08
2024-05-10 20:19:00,7.141265322541235e-08,2.1423795967623706e-08
2024-05-10 20:20:00,7.310136918054882e-08,2.1930410754164646e-08
2024-05-10 20:21:00,7.402111768382575e-08,2.2206335305147723e-08
2024-05-10 20:22:00,7.142327167697066e-08,2.1426981503091197e-08
2024-05-10 20:23:00,7.281644729625122e-08,2.1844934188875364e-08
2024-05-10 20:24:00,7.191718602869973e-08,2.1575155808609918e-08
2024-05-10 20:25:00,7.203585748976317e-08,2.161075724692895e-08
2024-05-10 20:26:00,7.196893766282776e-08,2.159068129884833e-08
2024-05-10 20:27:00,7.179202726749797e-08,2.1537608180249387e-08
2024-05-10 20:28:00,7.244186393156214e-08,2.173255917946864e-08
2024-05-10 20:29:00,7.182478468231115e-08,2.154743540469334e-08
2024-05-10 20:30:00,7.262294837798166e-08,2.1786884513394496e-08
2024-05-10 20:31:00,7.238344050981869e-08,2.171503215294561e-08
2024-05-10 20:32:00,7.224981234495242e-08,2.1674943703485723e-08
2024-05-10 20:33:00,7.179417776866131e-08,2.1538253330598394e-08
2024-05-10 20:34:00,7.202068921117863e-08,2.1606206763353588e-08
2024-05-10 20:35:00,7.303933274464408e-08,2.1911799823393224e-08
2024-05-10 20:36:00,7.283379784535783e-08,2.1850139353607346e-08
2024-05-10 20:37:00,7.176570894246061e-08,2.1529712682738184e-08
2024-05-10 20:38:00,7.252656255097681e-08,2.1757968765293042e-08
2024-05-10 20:39:00,7.30517101855972e-08,2.191551305567916e-08
2024-05-10 20:40:00,7.135109747642219e-08,2.1405329242926655e-08
2024-05-10 20:41:00,7.288661832023348e-08,2.1865985496070044e-08
2024-05-10 20:42:00,7.199212861655211e-08,2.1597638584965635e-08
2024-05-10 20:43:00,7.291498977523028e-08,2.1874496932569084e-08
2024-05-10 20:44:00,7.193012704417742e-08,2.1579038113253225e-08
2024-05-10 20:45:00,7.128777495591397e-08,2.138633248677419e-08
2024-05-10 20:46:00,7.139307809604403e-08,2.1417923428813208e-08
2024-05-10 20:47:00,7.251466040610565e-08,2.1754398121831695e-08
2024-05-10 20:48:00,7.267924306496563e-08,2.180377291948969e-08
2024-05-10 20:49:00,7.184832847754165e-08,2.1554498543262493e-08
2024-05-10 20:50:00,7.298700847729346e-08,2.189610254318804e-08
2024-05-10 20:51:00,7.138301350259534e-08,2.1414904050778602e-08
2024-05-10 20:52:00,7.243814326813718e-08,2.1731442980441152e-08
2024-05-10 20:53:00,7.165819871269226e-08,2.1497459613807677e-08
2024-05-10 20:54:00,7.202411932524986e-08,2.1607235797574956e-08
2024-05-10 20:55:00,7.25264745099864e-08,2.1757942352995915e-08
2024-05-10 20:56:00,7.188616710634105e-08,2.1565850131902314e-08
2024-05-10 20:57:00,7.221191350010742e-08,2.1663574050032226e-08
2024-05-10 20:58:00,7.33072549252074e-08,2.1992176477562217e-08
2024-05-10 20:59:00,7.207837755460682e-08,2.162351326638205e-08
2024-05-10 21:00:00,7.316068763366617e-08,2.194820629009985e-08
2024-05-10 21:01:00,7.171347407078346e-08,2.1514042221235037e-08
2024-05-10 21:02:00,7.290616650274372e-08,2.1871849950823114e-08
2024-05-10 21:03:00,7.369914158681262e-08,2.2109742476043784e-08
2024-05-10 21:04:00,7.094266361850851e-08,2.1282799085552553e-08
2024-05-10 21:05:00,7.192746674390065e-08,2.1578240023170193e-08
2024-05-10 21:06:00,7.294194501822457e-08,2.188258350546737e-08
2024-05-10 21:07:00,7.23387547225571e-08,2.170162641676713e-08
2024-05-10 21:08:00,7.27737119226395e-08,2.183211357679185e-08
2024-05-10 21:09:00,7.205292739477096e-08,2.1615878218431285e-08
2024-05-10 21:10:00,7.254974098075663e-08,2.1764922294226987e-08
2024-05-10 21:11:00,7.236717139674272e-08,2.1710151419022814e-08
2024-05-10 21:12:00,7.343783474208074e-08,2.2031350422624223e-08
2024-05-10 21:13:00,7.267296978015858e-08,2.1801890934047573e-08
2024-05-10 21:14:00,7.273587723425464e-08,2.182076317027639e-08
2024-05-10 21:15:00,7.217411278972031e-08,2.1652233836916094e-08
2024-05-10 21:16:00,7.211836687427862e-08,2.1635510062283585e-08
2024-05-10 21:17:00,7.215407498782397e-08,2.164622249634719e-08
2024-05-10 21:18:00,7.27699634457428e-08,2.183098903372284e-08
2024-05-10 21:19:00,7.215605451821972e-08,2.1646816355465916e-08
2024-05-10 21:20:00,7.268081646867918e-08,2.1804244940603753e-08
2024-05-10 21:21:00,7.428124723633325e-08,2.2284374170899978e-08
2024-05-10 21:22:00,7.314945643567914e-08,2.1944836930703738e-08
2024-05-10 21:23:00,7.220902081432294e-08,2.166270624429688e-08
2024-05-10 21:24:00,7.343081248479676e-08,2.2029243745439028e-08
2024-05-10 21:25:00,7.214256704768452e-08,2.1642770114305356e-08
2024-05-10 21:26:00,7.111805250331856e-08,2.1335415750995566e-08
2024-05-10 21:27:00,7.172887485095388e-08,2.1518662455286162e-08
2024-05-10 21:28:00,7.120243083067404e-08,2.136072924920221e-08
2024-05-10 21:29:00,7.216417215091256e-08,2.1649251645273767e-08
2024-05-10 21:30:00,7.242976792104536e-08,2.1728930376313607e-08
2024-05-10 21:31:00,7.384026580116245e-08,2.2152079740348735e-08
2024-05-10 21:32:00,7.265664706427067e-08,2.1796994119281196e-08
2024-05-10 21:33:00,7.223813303625993e-08,2.1671439910877977e-08
2024-05-10 21:34:00,7.305647039261403e-08,2.1916941117784208e-08
2024-05-10 21:35:00,7.097679274669834e-08,2.12930378240095e-08
2024-05-10 21:36:00,7.256198216500666e-08,2.1768594649501996e-08
2024-05-10 21:37:00,7.298878117965213e-08,2.189663435389564e-08
2024-05-10 21:38:00,7.137490566181797e-08,2.1412471698545393e-08
2024-05-10 21:39:00,7.329870477822163e-08,2.1989611433466486e-08
2024-05-10 21:40:00,7.261659811062411e-08,2.178497943318723e-08
2024-05-10 21:41:00,7.204729862256215e-08,2.161418958676865e-08
2024-05-10 21:42:00,7.284002383071762e-08,2.1852007149215284e-08
2024-05-10 21:43:00,7.436391968123283e-08,2.230917590436985e-08
2024-05-10 21:44:00,7.246580007553339e-08,2.1739740022660015e-08
2024-05-10 21:45:00,7.250961365677354e-08,2.175288409703206e-08
2024-05-10 21:46:00,7.1979267457667e-08,2.15937802373001e-08
2024-05-10 21:47:00,7.170583569466349e-08,2.1511750708399046e-08
2024-05-10 21:48:00,7.295937211953807e-08,2.1887811635861416e-08
2024-05-10 21:49:00,7.168537171946745e-08,2.1505611515840232e-08
2024-05-10 21:50:00,7.233345795499798e-08,2.1700037386499394e-08
2024-05-10 21:51:00,7.192519054266871e-08,2.1577557162800613e-08
2024-05-10 21:52:00,7.26345944400405e-08,2.1790378332012146e-08
2024-05-10 21:53:00,7.250982598347878e-08,2.1752947795043633e-08
2024-05-10 21:54:00,7.308609003121707e-08,2.1925827009365122e-08
2024-05-10 21:55:00,7.18666048637513e-08,2.1559981459125384e-08
2024-05-10 21:56:00,7.202705692423083e-08,2.1608117077269252e-08
2024-05-10 21:57:00,7.153309373928673e-08,2.145992812178602e-08
2024-05-10 21:58:00,7.188369972624674e-08,2.156510991787402e-08
2024-05-10 21:59:00,7.248726349207521e-08,2.1746179047622564e-08
2024-05-10 22:00:00,7.27872594192496e-08,2.183617782577488e-08
2024-05-10 22:01:00,7.152984418907263e-08,2.1458953256721785e-08
2024-05-10 22:02:00,7.286198753031776e-08,2.1858596259095326e-08
2024-05-10 22:03:00,7.32822180324122e-08,2.1984665409723654e-08
2024-05-10 22:04:00,7.246386810945854e-08,2.173916043283756e-08
2024-05-10 22:05:00,7.375875533993657e-08,2.212762660198097e-08
2024-05-10 22:06:00,7.157402478056264e-08,2.1472207434168795e-08
2024-05-10 22:07:00,7.12591642887106e-08,2.137774928661318e-08
2024-05-10 22:08:00,7.09283696279582e-08,2.127851088838746e-08
2024-05-10 22:09:00,7.334557908261091e-08,2.200367372478327e-08
2024-05-10 22:10:00,7.259159330141535e-08,2.1777477990424604e-08
2024-05-10 22:11:00,7.202249109400454e-08,2.1606747328201363e-08
2024-05-10 22:12:00,7.226637060227757e-08,2.167991118068327e-08
2024-05-10 22:13:00,7.126296539252098e-08,2.1378889617756296e-08
2024-05-10 22:14:00,7.424326248836255e-08,2.2272978746508764e-08
2024-05-10 22:15:00,7.211254847075556e-08,2.1633764541226665e-08
2024-05-10 22:16:00,7.208467067378716e-08,2.162540120213615e-08
2024-05-10 22:17:00,7.256410377407053e-08,2.1769231132221157e-08
2024-05-10 22:18:00,7.235006868802783e-08,2.1705020606408348e-08
2024-05-10 22:19:00,7.21335134525644e-08,2.1640054035769322e-08
2024-05-10 22:20:00,7.139029992511246e-08,2.141708997753374e-08
2024-05-10 22:21:00,7.230220672748648e-08,2.169066201824594e-08
2024-05-10 22:22:00,7.355299165808257e-08,2.2065897497424768e-08
2024-05-10 22:23:00,7.302630107958787e-08,2.190789032387636e-08
2024-05-10 22:24:00,7.324391659151449e-08,2.1973174977454346e-08
2024-05-10 22:25:00,7.151088035382562e-08,2.1453264106147686e-08
2024-05-10 22:26:00,7.117585095399071e-08,2.1352755286197213e-08
2024-05-10 22:27:00,7.175761345283747e-08,2.152728403585124e-08
2024-05-10 22:28:00,7.187835072740682e-08,2.1563505218222046e-08
2024-05-10 22:29:00,7.271336365926152e-08,2.1814009097778458e-08
2024-05-10 22:30:00,7.068548928770029e-08,2.1205646786310086e-08
2024-05-10 22:31:00,7.308078571571234e-08,2.19242357147137e-08
2024-05-10 22:32:00,7.165891364909947e-08,2.1497674094729842e-08
2024-05-10 22:33:00,7.145041109250855e-08,2.1435123327752566e-08
2024-05-10 22:34:00,7.104062116121256e-08,2.131218634836377e-08
2024-05-10 22:35:00,7.062998777699962e-08,2.1188996333099886e-08
2024-05-10 22:36:00,7.237022384383359e-08,2.1711067153150075e-08
2024-05-10 22:37:00,7.175227736084061e-08,2.152568320825218e-08
2024-05-10 22:38:00,7.080107354609232e-08,2.1240322063827695e-08
2024-05-10 22:39:00,7.078146800665169e-08,2.1234440401995505e-08
2024-05-10 22:40:00,7.140205337968277e-08,2.142061601390483e-08
2024-05-10 22:41:00,7.305329036774968e-08,2.19159871103249e-08
2024-05-10 22:42:00,7.142302610602323e-08,2.1426907831806968e-08
2024-05-10 22:43:00,7.058760235572515e-08,2.1176280706717546e-08
2024-05-10 22:44:00,7.139871955570661e-08,2.1419615866711987e-08
2024-05-10 22:45:00,7.136186727852927e-08,2.1408560183558778e-08
2024-05-10 22:46:00,6.988117927965754e-08,2.096435378389726e-08
2024-05-10 22:47:00,7.148648019463874e-08,2.144594405839162e-08
2024-05-10 22:48:00,7.133894309174482e-08,2.1401682927523444e-08
2024-05-10 22:49:00,7.204155897278284e-08,2.1612467691834848e-08
2024-05-10 22:50:00,7.307109391157512e-08,2.1921328173472536e-08
2024-05-10 22:51:00,7.237518315007523e-08,2.171255494502257e-08
2024-05-10 22:52:00,7.123854027955156e-08,2.1371562083865467e-08
2024-05-10 22:53:00,7.06528812627107e-08,2.119586437881321e-08
2024-05-10 22:54:00,7.375422560602082e-08,2.2126267681806245e-08
2024-05-10 22:55:00,7.142444308569759e-08,2.142733292570928e-08
2024-05-10 22:56:00,7.137119396124922e-08,2.1411358188374768e-08
2024-05-10 22:57:00,7.132342619267503e-08,2.1397027857802506e-08
2024-05-10 22:58:00,7.147287813684874e-08,2.144186344105462e-08
2024-05-10 22:59:00,7.11954242564092e-08,2.1358627276922758e-08
2024-05-10 23:00:00,7.08705684988192e-08,2.1261170549645763e-08
2024-05-10 23:01:00,7.08691910597163e-08,2.126075731791489e-08
2024-05-10 23:02:00,7.121844810071536e-08,2.136553443021461e-08
2024-05-10 23:03:00,7.083139025169714e-08,2.1249417075509144e-08
2024-05-10 23:04:00,7.069543267793697e-08,2.120862980338109e-08
2024-05-10 23:05:00,7.126247385554481e-08,2.137874215666344e-08
2024-05-10 23:06:00,7.097377275303306e-08,2.1292131825909913e-08
2024-05-10 23:07:00,7.240599383646001e-08,2.1721798150938e-08
2024-05-10 23:08:00,6.947921362008611e-08,2.0843764086025833e-08
2024-05-10 23:09:00,7.19881046850731e-08,2.159643140552193e-08
2024-05-10 23:10:00,7.210504241783323e-08,2.1631512725349966e-08
2024-05-10 23:11:00,6.971960570837719e-08,2.0915881712513155e-08
2024-05-10 23:12:00,7.078403301368005e-08,2.1235209904104017e-08
2024-05-10 23:13:00,7.074193145517702e-08,2.1222579436553104e-08
2024-05-10 23:14:00,7.003944144527226e-08,2.101183243358168e-08
2024-05-10 23:15:00,7.041851023726485e-08,2.1125553071179457e-08
2024-05-10 23:16:00,7.017977151346372e-08,2.1053931454039116e-08
2024-05-10 23:17:00,7.242786844488395e-08,2.1728360533465185e-08
2024-05-10 23:18:00,7.165576620360761e-08,2.149672986108228e-08
2024-05-10 23:19:00,7.193051255256561e-08,2.1579153765769685e-08
2024-05-10 23:20:00,7.142877511109537e-08,2.1428632533328612e-08
2024-05-10 23:21:00,7.00553373074046e-08,2.1016601192221376e-08
2024-05-10 23:22:00,7.043300935912299e-08,2.1129902807736895e-08
2024-05-10 23:23:00,7.116903367124097e-08,2.1350710101372288e-08
2024-05-10 23:24:00,6.99274370927006e-08,2.097823112781018e-08
2024-05-10 23:25:00,7.130590185312145e-08,2.139177055593643e-08
2024-05-10 23:26:00,7.054091734234467e-08,2.11622752027034e-08
2024-05-10 23:27:00,7.042088990090825e-08,2.1126266970272475e-08
2024-05-10 23:28:00,7.123309404776355e-08,2.1369928214329064e-08
2024-05-10 23:29:00,7.099096552678172e-08,2.1297289658034514e-08
2024-05-10 23:30:00,7.035875858471906e-08,2.110762757541572e-08
2024-05-10 23:31:00,7.154769149172226e-08,2.1464307447516677e-08
2024-05-10 23:32:00,6.982512526259702e-08,2.0947537578779103e-08
2024-05-10 23:33:00,7.103300600932743e-08,2.1309901802798228e-08
2024-05-10 23:34:00,7.09895580852401e-08,2.129686742557203e-08
2024-05-10 23:35:00,7.027265538613707e-08,2.1081796615841122e-08
2024-05-10 23:36:00,7.072521191283706e-08,2.1217563573851122e-08
2024-05-10 23:37:00,6.959386654910398e-08,2.0878159964731194e-08
2024-05-10 23:38:00,7.116750267258368e-08,2.1350250801775103e-08
2024-05-10 23:39:00,7.026198989869843e-08,2.107859696960953e-08
2024-05-10 23:40:00,6.999616023195191e-08,2.0998848069585573e-08
2024-05-10 23:41:00,7.119958818421711e-08,2.1359876455265132e-08
2024-05-10 23:42:00,6.982043423330288e-08,2.0946130269990865e-08
2024-05-10 23:43:00,6.93435763171435e-08,2.080307289514305e-08
2024-05-10 23:44:00,6.922852096811028e-08,2.0768556290433085e-08
2024-05-10 23:45:00,7.07192945667026e-08,2.1215788370010777e-08
2024-05-10 23:46:00,6.934339950040755e-08,2.0803019850122266e-08
2024-05-10 23:47:00,7.169619591483205e-08,2.150885877444961e-08
2024-05-10 23:48:00,6.882285601023653e-08,2.0646856803070958e-08
2024-05-10 23:49:00,7.158612214535201e-08,2.1475836643605604e-08
2024-05-10 23:50:00,7.027113794962784e-08,2.108134138488835e-08
2024-05-10 23:51:00,7.00112986109731e-08,2.100338958329193e-08
2024-05-10 23:52:00,6.966370975060555e-08,2.0899112925181663e-08
2024-05-10 23:53:00,7.033733605187005e-08,2.1101200815561014e-08
2024-05-10 23:54:00,6.997326060839386e-08,2.0991978182518156e-08
2024-05-10 23:55:00,7.08737272728121e-08,2.126211818184363e-08
2024-05-10 23:56:00,7.003255009652769e-08,2.1009765028958305e-08
2024-05-10 23:57:00,7.003231690300951e-08,2.1009695070902855e-08
2024-05-10 23:58:00,6.96249423513223e-08,2.088748270539669e-08
2024-05-10 23:59:00,6.981972712701701e-08,2.0945918138105104e-08
2024-05-11 00:00:00,7.007029396934975e-08,2.1021088190804926e-08
2024-05-11 00:01:00,6.867435348363851e-08,2.060230604509155e-08
2024-05-11 00:02:00,6.886173627976686e-08,2.065852088393006e-08
2024-05-11 00:03:00,7.033828961168016e-08,2.110148688350405e-08
2024-05-11 00:04:00,6.984964213216634e-08,2.0954892639649904e-08
2024-05-11 00:05:00,6.955486514845992e-08,2.0866459544537974e-08
2024-05-11 00:06:00,6.967581178492024e-08,2.0902743535476074e-08
2024-05-11 00:07:00,6.990044245152348e-08,2.0970132735457047e-08
2024-05-11 00:08:00,6.921472182733518e-08,2.0764416548200554e-08
2024-05-11 00:09:00,6.902326392761292e-08,2.0706979178283877e-08
2024-05-11 00:10:00,6.969376272180438e-08,2.0908128816541315e-08
2024-05-11 00:11:00,6.883259095689312e-08,2.0649777287067934e-08
2024-05-11 00:12:00,6.980106835939453e-08,2.0940320507818358e-08
2024-05-11 00:13:00,6.832850732698423e-08,2.049855219809527e-08
2024-05-11 00:14:00,7.026005073051015e-08,2.1078015219153043e-08
2024-05-11 00:15:00,6.976260014811626e-08,2.0928780044434876e-08
2024-05-11 00:16:00,6.956078810465301e-08,2.08682364313959e-08
2024-05-11 00:17:00,7.012876015008673e-08,2.1038628045026023e-08
2024-05-11 00:18:00,7.072312940306056e-08,2.1216938820918165e-08
2024-05-11 00:19:00,7.0095232740292e-08,2.1028569822087603e-08
2024-05-11 00:20:00,6.803634746973863e-08,2.0410904240921587e-08
2024-05-11 00:21:00,6.833870905991313e-08,2.050161271797394e-08
2024-05-11 00:22:00,6.873360007474554e-08,2.062008002242366e-08
2024-05-11 00:23:00,6.916942194600267e-08,2.07508265838008e-08
2024-05-11 00:24:00,6.952230159660231e-08,2.085669047898069e-08
2024-05-11 00:25:00,6.857151007770012e-08,2.0571453023310034e-08
2024-05-11 00:26:00,6.919782484865218e-08,2.0759347454595653e-08
2024-05-11 00:27:00,6.848856296250504e-08,2.054656888875151e-08
2024-05-11 00:28:00,6.855424516670787e-08,2.0566273550012362e-08
2024-05-11 00:29:00,6.800952804472724e-08,2.040285841341817e-08
2024-05-11 00:30:00,6.828209560651257e-08,2.048462868195377e-08
2024-05-11 00:31:00,6.797905743917963e-08,2.039371723175389e-08
2024-05-11 00:32:00,6.818362569818076e-08,2.0455087709454228e-08
2024-05-11 00:33:00,6.968829526901898e-08,2.090648858070569e-08
2024-05-11 00:34:00,6.813611687085738e-08,2.0440835061257215e-08
2024-05-11 00:35:00,7.118812984317202e-08,2.1356438952951605e-08
2024-05-11 00:36:00,6.911865454759359e-08,2.0735596364278074e-08
2024-05-11 00:37:00,6.884245072102465e-08,2.0652735216307397e-08
2024-05-11 00:38:00,6.806497392200876e-08,2.0419492176602628e-08
2024-05-11 00:39:00,6.918985673995131e-08,2.075695702198539e-08
2024-05-11 00:40:00,6.818934250585784e-08,2.0456802751757353e-08
2024-05-11 00:41:00,6.866210611134756e-08,2.059863183340427e-08
2024-05-11 00:42:00,7.087726403522443e-08,2.126317921056733e-08
2024-05-11 00:43:00,6.843149157601502e-08,2.052944747280451e-08
2024-05-11 00:44:00,6.941019685149792e-08,2.082305905544937e-08
2024-05-11 00:45:00,6.793531865130733e-08,2.03805955953922e-08
2024-05-11 00:46:00,6.837591296922428e-08,2.0512773890767283e-08
2024-05-11 00:47:00,6.98894188235798e-08,2.096682564707394e-08
2024-05-11 00:48:00,6.788545711624959e-08,2.0365637134874878e-08
2024-05-11 00:49:00,6.986223097525122e-08,2.0958669292575364e-08
2024-05-11 00:50:00,1.312706336162629e-07,2.064779758712258e-08
2024-05-11 00:51:00,2.5408743889828627e-07,3.5e-07
2024-05-11 00:52:00,4.3831264682132134e-07,7e-07
2024-05-11 00:53:00,6.839462573853681e-07,1.05e-06
2024-05-11 00:54:00,9.909882705904266e-07,1.4e-06
2024-05-11 00:55:00,1.3594386864364968e-06,1.1861821139064404e-06
2024-05-11 00:56:00,1.7892975049235787e-06,9.92119080334588e-07
2024-05-11 00:57:00,4e-06,8.303166914940466e-07
2024-05-11 00:58:00,3.7344143891801103e-06,6.954117042715176e-07
2024-05-11 00:59:00,3.4327952629833484e-06,5.829324990956651e-07
2024-05-11 01:00:00,3.1559492165671038e-06,4.891508501251298e-07
2024-05-11 01:01:00,2.9018412929562707e-06,4.1095833821023906e-07
2024-05-11 01:02:00,2.668603693830616e-06,3.457633098391969e-07
2024-05-11 01:03:00,2.4545220485175853e-06,2.914049663587865e-07
2024-05-11 01:04:00,2.2580228108989368e-06,2.4608173561143665e-07
2024-05-11 01:05:00,2.0776616915803544e-06,2.0829155157860814e-07
2024-05-11 01:06:00,1.9121130402838494e-06,1.7678206235919892e-07
2024-05-11 01:07:00,1.7601601004082574e-06,1.505091159262407e-07
2024-05-11 01:08:00,1.6206860641148488e-06,1.286021475054035e-07
2024-05-11 01:09:00,1.4926658621800635e-06,1.103353212008203e-07
2024-05-11 01:10:00,1.3751586282589797e-06,9.510346924140711e-08
2024-05-11 01:11:00,1.2673007821610222e-06,8.240203125727088e-08
2024-05-11 01:12:00,1.168299681290033e-06,7.181032859287464e-08
2024-05-11 01:13:00,1.077427793577671e-06,6.29776192168323e-08
2024-05-11 01:14:00,9.940173490728047e-07,5.561147096225605e-08
2024-05-11 01:15:00,9.174554308684119e-07,4.946806768196794e-08
2024-05-11 01:16:00,8.471794692772149e-07,4.4344126977119556e-08
2024-05-11 01:17:00,7.826731061317845e-07,4.007016157984326e-08
2024-05-11 01:18:00,7.234623988057578e-07,3.650486101137345e-08
2024-05-11 01:19:00,6.691123360502718e-07,3.3530407273109644e-08
2024-05-11 01:20:00,6.192236400320027e-07,3.104856929037081e-08
2024-05-11 01:21:00,5.734298310631862e-07,2.897744664347794e-08
2024-05-11 01:22:00,5.313945334451702e-07,2.7248754644041745e-08
2024-05-11 01:23:00,4.928090026195698e-07,2.5805560759394503e-08
2024-05-11 01:24:00,4.5738985544803437e-07,2.4600397349854206e-08
2024-05-11 01:25:00,4.248769869349169e-07,2.359368815791082e-08
2024-05-11 01:26:00,3.95031658077761e-07,2.2752436388993132e-08
2024-05-11 01:27:00,3.6763474078855983e-07,2.2049130894979167e-08
2024-05-11 01:28:00,3.424851069834314e-07,2.146083420150565e-08
2024-05-11 01:29:00,3.1939814999820463e-07,2.0968422148075446e-08
2024-05-11 01:30:00,2.982044274601942e-07,2.0555949935777756e-08
2024-05-11 01:31:00,2.787484156393208e-07,2.021012356772436e-08
2024-05-11 01:32:00,2.6088736612126545e-07,2.0385330944058182e-08
2024-05-11 01:33:00,2.444902563975615e-07,2.0055102639670275e-08
2024-05-11 01:34:00,2.294368266579542e-07,2.024978111746929e-08
2024-05-11 01:35:00,2.1561669570406442e-07,1.9687496973428155e-08
2024-05-11 01:36:00,2.029285494850521e-07,2.00368463128344e-08
2024-05-11 01:37:00,1.9127939628984973e-07,2.017806677974377e-08
2024-05-11 01:38:00,1.80583883120557e-07,1.9970922789702722e-08
2024-05-11 01:39:00,1.70763668221359e-07,2.0200586635640887e-08
2024-05-11 01:40:00,1.6174684515015265e-07,1.981695913423185e-08
2024-05-11 01:41:00,1.5346741415898028e-07,2.0270351461671954e-08
2024-05-11 01:42:00,1.4586479699715595e-07,2.052313808652923e-08
2024-05-11 01:43:00,1.3888339157019008e-07,1.9814287390415147e-08
2024-05-11 01:44:00,1.3247216318061536e-07,1.978499873660316e-08
2024-05-11 01:45:00,1.265842693457458e-07,2.0235548562136435e-08
2024-05-11 01:46:00,1.211767154342409e-07,2.0259362113256156e-08
2024-05-11 01:47:00,1.1621003858990723e-07,1.9733319044525158e-08
2024-05-11 01:48:00,1.1164801761912434e-07,1.9742964704844642e-08
2024-05-11 01:49:00,1.0745740670914979e-07,1.9760606694109954e-08
2024-05-11 01:50:00,1.0360769101974955e-07,1.953681164207994e-08
2024-05-11 01:51:00,1.000708623514021e-07,1.9605725667196605e-08
2024-05-11 01:52:00,9.68212132409139e-08,1.9577102379002778e-08
2024-05-11 01:53:00,9.383514797075354e-08,1.9611670357468264e-08
2024-05-11 01:54:00,9.109100910275124e-08,1.975504731834791e-08
2024-05-11 01:55:00,8.856891826093758e-08,1.9804426833820653e-08
2024-05-11 01:56:00,8.625062999304545e-08,2.0131498030169745e-08
2024-05-11 01:57:00,8.411939763634832e-08,1.951802723837002e-08
2024-05-11 01:58:00,8.215985020175499e-08,1.995319852192055e-08
2024-05-11 01:59:00,8.03578793710826e-08,1.965503002405181e-08
2024-05-11 02:00:00,7.870053577677524e-08,1.96791754526668e-08
2024-05-11 02:01:00,7.717593380157478e-08,1.9837877589897206e-08
2024-05-11 02:02:00,7.577316419828513e-08,1.9433413445524886e-08
2024-05-11 02:03:00,7.448221388725928e-08,1.974224457190424e-08
2024-05-11 02:04:00,7.329389234200551e-08,1.967937531096909e-08
2024-05-11 02:05:00,7.219976402174125e-08,1.9744193040775296e-08
2024-05-11 02:06:00,7.119208635417666e-08,1.9683414816401454e-08
2024-05-11 02:07:00,7.026375281261256e-08,2.0272525772656483e-08
2024-05-11 02:08:00,6.94082406688871e-08,1.9455463886620895e-08
2024-05-11 02:09:00,6.861956303808094e-08,1.9465128000483097e-08
2024-05-11 02:10:00,6.789222486243991e-08,1.9433756825857288e-08
2024-05-11 02:11:00,6.722118251093459e-08,1.9435315331220683e-08
2024-05-11 02:12:00,6.660180669745469e-08,1.9406065042514826e-08
2024-05-11 02:13:00,6.607762448271877e-08,1.9823287344815632e-08
2024-05-11 02:14:00,6.624732693116324e-08,1.9874198079348975e-08
2024-05-11 02:15:00,6.501290538765696e-08,1.9382450109287733e-08
2024-05-11 02:16:00,6.456105563489661e-08,1.9316988695209024e-08
2024-05-11 02:17:00,6.53015447972902e-08,1.9590463439187057e-08
2024-05-11 02:18:00,6.449599388196707e-08,1.9348798164590117e-08
2024-05-11 02:19:00,6.534966149843193e-08,1.960489844952958e-08
2024-05-11 02:20:00,6.496439534299603e-08,1.948931860289881e-08
2024-05-11 02:21:00,6.375112984699085e-08,1.9125338954097253e-08
2024-05-11 02:22:00,6.603240098412816e-08,1.9809720295238446e-08
2024-05-11 02:23:00,6.622976488347917e-08,1.986892946504375e-08
2024-05-11 02:24:00,6.420281229263783e-08,1.9260843687791348e-08
2024-05-11 02:25:00,6.43172945463867e-08,1.9295188363916008e-08
2024-05-11 02:26:00,6.477664383028654e-08,1.9432993149085962e-08
2024-05-11 02:27:00,6.477256930924735e-08,1.9431770792774208e-08
2024-05-11 02:28:00,6.499214276192741e-08,1.9497642828578222e-08
2024-05-11 02:29:00,6.619028092964114e-08,1.9857084278892342e-08
2024-05-11 02:30:00,6.425725804538781e-08,1.927717741361634e-08
2024-05-11 02:31:00,6.378147637547806e-08,1.9134442912643418e-08
2024-05-11 02:32:00,6.336871782433226e-08,1.901061534729968e-08
2024-05-11 02:33:00,6.374139809910642e-08,1.9122419429731924e-08
2024-05-11 02:34:00,6.41931822347579e-08,1.9257954670427373e-08
2024-05-11 02:35:00,6.571974290809017e-08,1.971592287242705e-08
2024-05-11 02:36:00,6.375899063273209e-08,1.9127697189819627e-08
2024-05-11 02:37:00,6.426039380661069e-08,1.9278118141983206e-08
2024-05-11 02:38:00,6.403454240788384e-08,1.9210362722365153e-08
2024-05-11 02:39:00,6.497960695260235e-08,1.9493882085780702e-08
2024-05-11 02:40:00,6.626537631196915e-08,1.9879612893590744e-08
2024-05-11 02:41:00,6.353524446485379e-08,1.9060573339456137e-08
2024-05-11 02:42:00,6.352096325286229e-08,1.9056288975858686e-08
2024-05-11 02:43:00,6.467955745202026e-08,1.9403867235606076e-08
2024-05-11 02:44:00,6.432710289429314e-08,1.9298130868287942e-08
2024-05-11 02:45:00,6.534127418812544e-08,1.9602382256437632e-08
2024-05-11 02:46:00,6.415983982862717e-08,1.924795194858815e-08
2024-05-11 02:47:00,6.339649679173923e-08,1.9018949037521766e-08
2024-05-11 02:48:00,6.407868546530949e-08,1.9223605639592845e-08
2024-05-11 02:49:00,6.447674458655956e-08,1.9343023375967866e-08
2024-05-11 02:50:00,6.418345776931414e-08,1.925503733079424e-08
2024-05-11 02:51:00,6.388043678079995e-08,1.9164131034239984e-08
2024-05-11 02:52:00,6.43091543325749e-08,1.929274629977247e-08
2024-05-11 02:53:00,6.435658908045756e-08,1.930697672413727e-08
2024-05-11 02:54:00,6.450628527284928e-08,1.9351885581854784e-08
2024-05-11 02:55:00,6.38216991311215e-08,1.914650973933645e-08
2024-05-11 02:56:00,6.314321278582485e-08,1.8942963835747455e-08
2024-05-11 02:57:00,6.333449069629575e-08,1.9000347208888727e-08
2024-05-11 02:58:00,6.417137009339204e-08,1.9251411028017613e-08
2024-05-11 02:59:00,6.255894560651496e-08,1.8767683681954486e-08
2024-05-11 03:00:00,6.33760055233614e-08,1.9012801657008417e-08
2024-05-11 03:01:00,6.276131912152997e-08,1.882839573645899e-08
2024-05-11 03:02:00,6.302543128472987e-08,1.890762938541896e-08
2024-05-11 03:03:00,6.401676944425538e-08,1.9205030833276615e-08
2024-05-11 03:04:00,6.306118025910517e-08,1.8918354077731553e-08
2024-05-11 03:05:00,6.290665092239622e-08,1.8871995276718868e-08
2024-05-11 03:06:00,6.190498371503795e-08,1.8571495114511387e-08
2024-05-11 03:07:00,6.337564610499035e-08,1.9012693831497107e-08
2024-05-11 03:08:00,6.324756058018913e-08,1.897426817405674e-08
2024-05-11 03:09:00,6.461161931801158e-08,1.938348579540347e-08
2024-05-11 03:10:00,6.242515562092748e-08,1.8727546686278245e-08
2024-05-11 03:11:00,6.277353568380142e-08,1.8832060705140425e-08
2024-05-11 03:12:00,6.275268639551136e-08,1.8825805918653408e-08
2024-05-11 03:13:00,6.385252175906174e-08,1.915575652771852e-08
2024-05-11 03:14:00,6.24023696819482e-08,1.8720710904584458e-08
2024-05-11 03:15:00,6.264260300732465e-08,1.8792780902197395e-08
2024-05-11 03:16:00,6.286178131742628e-08,1.8858534395227883e-08
2024-05-11 03:17:00,6.248185763088226e-08,1.8744557289264678e-08
2024-05-11 03:18:00,6.19715288193247e-08,1.859145864579741e-08
2024-05-11 03:19:00,6.239853091255575e-08,1.8719559273766726e-08
2024-05-11 03:20:00,6.307991495301804e-08,1.892397448590541e-08
2024-05-11 03:21:00,6.144805771922296e-08,1.843441731576689e-08
2024-05-11 03:22:00,6.221767196070411e-08,1.8665301588211236e-08
2024-05-11 03:23:00,6.157379837897194e-08,1.8472139513691584e-08
2024-05-11 03:24:00,6.300918307612218e-08,1.8902754922836654e-08
2024-05-11 03:25:00,6.096151776313025e-08,1.8288455328939075e-08
2024-05-11 03:26:00,6.153592740097276e-08,1.8460778220291823e-08
2024-05-11 03:27:00,6.218429469019289e-08,1.8655288407057862e-08
2024-05-11 03:28:00,6.317186331139217e-08,1.8951558993417646e-08
2024-05-11 03:29:00,6.175448112393655e-08,1.8526344337180963e-08
2024-05-11 03:30:00,6.135914137991626e-08,1.8407742413974878e-08
2024-05-11 03:31:00,6.334381464007714e-08,1.9003144392023138e-08
2024-05-11 03:32:00,6.069267894097995e-08,1.8207803682293983e-08
2024-05-11 03:33:00,6.021915238943084e-08,1.806574571682925e-08
2024-05-11 03:34:00,6.192005861739983e-08,1.857601758521995e-08
2024-05-11 03:35:00,6.117120196330945e-08,1.8351360588992832e-08
2024-05-11 03:36:00,6.077874618814052e-08,1.8233623856442155e-08
2024-05-11 03:37:00,6.200436442054364e-08,1.860130932616309e-08
2024-05-11 03:38:00,6.158501384092131e-08,1.847550415227639e-08
2024-05-11 03:39:00,6.094803486071571e-08,1.828441045821471e-08
2024-05-11 03:40:00,6.043492670916985e-08,1.813047801275095e-08
2024-05-11 03:41:00,6.196254085466233e-08,1.85887622563987e-08
2024-05-11 03:42:00,6.173052451873827e-08,1.851915735562148e-08
2024-05-11 03:43:00,6.109930023446824e-08,1.832979007034047e-08
2024-05-11 03:44:00,6.272374572762256e-08,1.8817123718286763e-08
2024-05-11 03:45:00,6.034127131564463e-08,1.810238139469339e-08
2024-05-11 03:46:00,6.001483506061329e-08,1.8004450518183984e-08
2024-05-11 03:47:00,6.049935893954336e-08,1.814980768186301e-08
2024-05-11 03:48:00,6.091293659343921e-08,1.8273880978031768e-08
2024-05-11 03:49:00,6.108760967494207e-08,1.8326282902482618e-08
2024-05-11 03:50:00,6.067874850967113e-08,1.820362455290134e-08
2024-05-11 03:51:00,6.108227113859576e-08,1.8324681341578726e-08
2024-05-11 03:52:00,5.990999905127148e-08,1.7972999715381443e-08
2024-05-11 03:53:00,6.192949003172743e-08,1.857884700951823e-08
2024-05-11 03:54:00,6.061388589545232e-08,1.81841657686357e-08
2024-05-11 03:55:00,6.15420401733496e-08,1.846261205200488e-08
2024-05-11 03:56:00,6.084814299111462e-08,1.8254442897334384e-08
2024-05-11 03:57:00,6.089355837578596e-08,1.826806751273579e-08
2024-05-11 03:58:00,6.093969976545478e-08,1.8281909929636433e-08
2024-05-11 03:59:00,6.079547964976669e-08,1.8238643894930008e-08
2024-05-11 04:00:00,6.090878346261813e-08,1.827263503878544e-08
2024-05-11 04:01:00,6.146048740131331e-08,1.843814622039399e-08
2024-05-11 04:02:00,6.046143904533015e-08,1.8138431713599048e-08
2024-05-11 04:03:00,6.082745491296693e-08,1.824823647389008e-08
2024-05-11 04:04:00,6.015407820183615e-08,1.8046223460550842e-08
2024-05-11 04:05:00,6.138107376284151e-08,1.841432212885245e-08
2024-05-11 04:06:00,5.964755979148516e-08,1.789426793744555e-08
2024-05-11 04:07:00,6.16352214381987e-08,1.849056643145961e-08
2024-05-11 04:08:00,6.000894686497068e-08,1.80026840594912e-08
2024-05-11 04:09:00,5.90277223168924e-08,1.770831669506772e-08
2024-05-11 04:10:00,6.00449605854394e-08,1.8013488175631822e-08
2024-05-11 04:11:00,5.9416868515539224e-08,1.7825060554661766e-08
2024-05-11 04:12:00,6.052886532580508e-08,1.815865959774152e-08
2024-05-11 04:13:00,5.9345102658116085e-08,1.7803530797434828e-08
2024-05-11 04:14:00,5.944215471417217e-08,1.7832646414251652e-08
2024-05-11 04:15:00,5.848627446788484e-08,1.7545882340365452e-08
2024-05-11 04:16:00,5.934677727755992e-08,1.7804033183267978e-08
2024-05-11 04:17:00,5.8105116576064686e-08,1.7431534972819402e-08
2024-05-11 04:18:00,5.8526304713587256e-08,1.7557891414076175e-08
2024-05-11 04:19:00,6.014221319469551e-08,1.8042663958408654e-08
2024-05-11 04:20:00,6.011803824865752e-08,1.8035411474597256e-08
2024-05-11 04:21:00,5.977648755402059e-08,1.7932946266206175e-08
2024-05-11 04:22:00,5.8726345109021604e-08,1.761790353270648e-08
2024-05-11 04:23:00,5.932022013812318e-08,1.7796066041436955e-08
2024-05-11 04:24:00,5.930761600377524e-08,1.7792284801132572e-08
2024-05-11 04:25:00,5.8467273883252884e-08,1.7540182164975865e-08
2024-05-11 04:26:00,6.048400702638658e-08,1.8145202107915977e-08
2024-05-11 04:27:00,5.98769286703765e-08,1.796307860111295e-08
2024-05-11 04:28:00,5.896508207031886e-08,1.768952462109566e-08
2024-05-11 04:29:00,5.910274079351618e-08,1.7730822238054852e-08
2024-05-11 04:30:00,5.9195740290626665e-08,1.7758722087188e-08
2024-05-11 04:31:00,5.767241220264551e-08,1.7301723660793652e-08
2024-05-11 04:32:00,5.8763904194920676e-08,1.76291712584762e-08
2024-05-11 04:33:00,5.8414155982053615e-08,1.7524246794616084e-08
2024-05-11 04:34:00,5.815730963028052e-08,1.7447192889084158e-08
2024-05-11 04:35:00,5.860284122066465e-08,1.758085236619939e-08
2024-05-11 04:36:00,6.031130648910024e-08,1.8093391946730073e-08
2024-05-11 04:37:00,5.922272673725813e-08,1.776681802117744e-08
2024-05-11 04:38:00,5.826217427056297e-08,1.747865228116889e-08
2024-05-11 04:39:00,5.907562960661471e-08,1.7722688881984414e-08
2024-05-11 04:40:00,5.974950330586732e-08,1.792485099176019e-08
2024-05-11 04:41:00,5.928008325362673e-08,1.7784024976088015e-08
2024-05-11 04:42:00,5.853565092030134e-08,1.7560695276090402e-08
2024-05-11 04:43:00,5.798284477336326e-08,1.7394853432008976e-08
2024-05-11 04:44:00,5.895185142588421e-08,1.768555542776526e-08
2024-05-11 04:45:00,5.865831399736487e-08,1.7597494199209458e-08
2024-05-11 04:46:00,5.902742410004483e-08,1.7708227230013446e-08
2024-05-11 04:47:00,5.876323345505671e-08,1.7628970036517012e-08
2024-05-11 04:48:00,5.90705019458128e-08,1.7721150583743838e-08
2024-05-11 04:49:00,5.778683482242284e-08,1.7336050446726854e-08
2024-05-11 04:50:00,5.921958960161846e-08,1.776587688048554e-08
2024-05-11 04:51:00,5.8232178906681734e-08,1.746965367200452e-08
2024-05-11 04:52:00,5.986229384219043e-08,1.795868815265713e-08
2024-05-11 04:53:00,5.7499929611222706e-08,1.724997888336681e-08
2024-05-11 04:54:00,5.943284838346026e-08,1.7829854515038077e-08
2024-05-11 04:55:00,5.805094886510758e-08,1.7415284659532277e-08
2024-05-11 04:56:00,5.738950308276451e-08,1.7216850924829353e-08
2024-05-11 04:57:00,5.745957877264306e-08,1.7237873631792916e-08
2024-05-11 04:58:00,5.752974998137627e-08,1.725892499441288e-08
2024-05-11 04:59:00,5.80475009392917e-08,1.741425028178751e-08
2024-05-11 05:00:00,5.8081675016500826e-08,1.7424502504950247e-08
2024-05-11 05:01:00,5.7216220639984556e-08,1.7164866191995365e-08
2024-05-11 05:02:00,5.756502500832991e-08,1.726950750249897e-08
2024-05-11 05:03:00,5.94329055215372e-08,1.782987165646116e-08
2024-05-11 05:04:00,5.897183996189455e-08,1.7691551988568367e-08
2024-05-11 05:05:00,5.778581472709589e-08,1.7335744418128763e-08
2024-05-11 05:06:00,5.743103394969027e-08,1.722931018490708e-08
2024-05-11 05:07:00,5.74481311227399e-08,1.723443933682197e-08
2024-05-11 05:08:00,5.77941291505239e-08,1.733823874515717e-08
2024-05-11 05:09:00,5.6555884730169886e-08,1.6966765419050966e-08
2024-05-11 05:10:00,5.703257842896093e-08,1.710977352868828e-08
2024-05-11 05:11:00,5.606973515281305e-08,1.6820920545843916e-08
2024-05-11 05:12:00,5.74403540963795e-08,1.723210622891385e-08
2024-05-11 05:13:00,5.7596488783569386e-08,1.7278946635070815e-08
2024-05-11 05:14:00,5.6692161096467084e-08,1.7007648328940126e-08
2024-05-11 05:15:00,5.832822371579487e-08,1.7498467114738463e-08
2024-05-11 05:16:00,5.611199625709909e-08,1.6833598877129727e-08
2024-05-11 05:17:00,5.59207741306381e-08,1.677623223919143e-08
2024-05-11 05:18:00,5.7033073196599476e-08,1.7109921958979843e-08
2024-05-11 05:19:00,5.7667316129383897e-08,1.730019483881517e-08
2024-05-11 05:20:00,5.82088446826967e-08,1.746265340480901e-08
2024-05-11 05:21:00,5.63946255565006e-08,1.691838766695018e-08
2024-05-11 05:22:00,5.756051077338177e-08,1.726815323201453e-08
2024-05-11 05:23:00,5.6608760863990054e-08,1.6982628259197013e-08
2024-05-11 05:24:00,5.646496130789806e-08,1.6939488392369418e-08
2024-05-11 05:25:00,5.725668074824529e-08,1.7177004224473588e-08
2024-05-11 05:26:00,5.7017245777929606e-08,1.710517373337888e-08
2024-05-11 05:27:00,5.540564718174155e-08,1.6621694154522464e-08
2024-05-11 05:28:00,5.7653487155403566e-08,1.729604614662107e-08
2024-05-11 05:29:00,5.751920685218633e-08,1.7255762055655897e-08
2024-05-11 05:30:00,5.5876744922148195e-08,1.6763023476644458e-08
2024-05-11 05:31:00,5.658581424356141e-08,1.6975744273068424e-08
2024-05-11 05:32:00,5.661999214799761e-08,1.6985997644399283e-08
2024-05-11 05:33:00,5.639022423208772e-08,1.6917067269626317e-08
2024-05-11 05:34:00,5.575017242344903e-08,1.672505172703471e-08
2024-05-11 05:35:00,5.5622659077840675e-08,1.66867977233522e-08
2024-05-11 05:36:00,5.603824343411352e-08,1.6811473030234056e-08
2024-05-11 05:37:00,5.697458962526297e-08,1.7092376887578888e-08
2024-05-11 05:38:00,5.639332044149189e-08,1.6917996132447566e-08
2024-05-11 05:39:00,5.565378936469769e-08,1.669613680940931e-08
2024-05-11 05:40:00,5.649342647818002e-08,1.6948027943454006e-08
2024-05-11 05:41:00,5.4096913311721895e-08,1.6229073993516568e-08
2024-05-11 05:42:00,5.673149378461408e-08,1.7019448135384223e-08
2024-05-11 05:43:00,5.4598557550070474e-08,1.637956726502114e-08
2024-05-11 05:44:00,5.54381991625879e-08,1.6631459748776367e-08
2024-05-11 05:45:00,5.4885568980169176e-08,1.646567069405075e-08
2024-05-11 05:46:00,5.473189793247594e-08,1.6419569379742783e-08
2024-05-11 05:47:00,5.6521340823577774e-08,1.695640224707333e-08
2024-05-11 05:48:00,5.518748819346766e-08,1.6556246458040298e-08
2024-05-11 05:49:00,5.5748944023280555e-08,1.6724683206984165e-08
2024-05-11 05:50:00,5.5403112763438696e-08,1.6620933829031607e-08
2024-05-11 05:51:00,5.5765092223296374e-08,1.672952766698891e-08
2024-05-11 05:52:00,5.540820509730138e-08,1.662246152919041e-08
2024-05-11 05:53:00,5.443102880788462e-08,1.6329308642365384e-08
2024-05-11 05:54:00,5.606839173530205e-08,1.6820517520590615e-08
2024-05-11 05:55:00,5.48616987723395e-08,1.6458509631701847e-08
2024-05-11 05:56:00,5.41336722612243e-08,1.6240101678367288e-08
2024-05-11 05:57:00,5.482007561222385e-08,1.6446022683667156e-08
2024-05-11 05:58:00,5.634966941707366e-08,1.6904900825122097e-08
2024-05-11 05:59:00,5.572376547995167e-08,1.67171296439855e-08
2024-05-11 06:00:00,5.474523089831907e-08,1.6423569269495722e-08
2024-05-11 06:01:00,5.470118574577027e-08,1.6410355723731082e-08
2024-05-11 06:02:00,5.467731040067343e-08,1.640319312020203e-08
2024-05-11 06:03:00,5.669671537061891e-08,1.700901461118567e-08
2024-05-11 06:04:00,5.5120591270929384e-08,1.6536177381278815e-08
2024-05-11 06:05:00,5.51154779827455e-08,1.6534643394823654e-08
2024-05-11 06:06:00,5.557451753305483e-08,1.667235525991645e-08
2024-05-11 06:07:00,5.487785725133924e-08,1.646335717540177e-08
2024-05-11 06:08:00,5.446162558240438e-08,1.6338487674721313e-08
2024-05-11 06:09:00,5.446376862046928e-08,1.6339130586140784e-08
2024-05-11 06:10:00,5.451221342202898e-08,1.6353664026608694e-08
2024-05-11 06:11:00,5.4494572999074437e-08,1.6348371899722332e-08
2024-05-11 06:12:00,5.50558555868676e-08,1.651675667606028e-08
2024-05-11 06:13:00,5.4475218631561794e-08,1.6342565589468538e-08
2024-05-11 06:14:00,5.497382794411447e-08,1.6492148383234343e-08
2024-05-11 06:15:00,5.428979911023683e-08,1.628693973307105e-08
2024-05-11 06:16:00,5.4366293682715976e-08,1.6309888104814794e-08
2024-05-11 06:17:00,5.296909890594121e-08,1.5890729671782363e-08
2024-05-11 06:18:00,5.495780821362419e-08,1.6487342464087258e-08
2024-05-11 06:19:00,5.444495670779117e-08,1.633348701233735e-08
2024-05-11 06:20:00,5.494282790672174e-08,1.6482848372016524e-08
2024-05-11 06:21:00,5.2330748194235064e-08,1.569922445827052e-08
2024-05-11 06:22:00,5.588922724651621e-08,1.676676817395486e-08
2024-05-11 06:23:00,5.390356991690189e-08,1.617107097507057e-08
2024-05-11 06:24:00,5.4868733447834264e-08,1.646062003435028e-08
2024-05-11 06:25:00,5.319977907570625e-08,1.5959933722711874e-08
2024-05-11 06:26:00,5.436073038659861e-08,1.6308219115979582e-08
2024-05-11 06:27:00,5.310605239791111e-08,1.5931815719373333e-08
2024-05-11 06:28:00,5.3347785262456014e-08,1.6004335578736803e-08
2024-05-11 06:29:00,5.5414794936965106e-08,1.6624438481089533e-08
2024-05-11 06:30:00,5.356862122101817e-08,1.607058636630545e-08
2024-05-11 06:31:00,5.3833048728563834e-08,1.6149914618569148e-08
2024-05-11 06:32:00,5.4322059502289867e-08,1.629661785068696e-08
2024-05-11 06:33:00,5.3968717505475174e-08,1.6190615251642552e-08
2024-05-11 06:34:00,5.365470594209127e-08,1.6096411782627377e-08
2024-05-11 06:35:00,5.377983286786605e-08,1.6133949860359814e-08
2024-05-11 06:36:00,5.5626721787557754e-08,1.6688016536267328e-08
2024-05-11 06:37:00,5.337134432774996e-08,1.6011403298324987e-08
2024-05-11 06:38:00,5.3525514177221265e-08,1.6057654253166378e-08
2024-05-11 06:39:00,5.418394015229689e-08,1.6255182045689067e-08
2024-05-11 06:40:00,5.4190437361925804e-08,1.625713120857774e-08
2024-05-11 06:41:00,5.422120478396704e-08,1.626636143519011e-08
2024-05-11 06:42:00,5.370772072774684e-08,1.6112316218324053e-08
2024-05-11 06:43:00,5.237545480922481e-08,1.5712636442767444e-08
2024-05-11 06:44:00,5.450977036078279e-08,1.6352931108234835e-08
2024-05-11 06:45:00,5.229004382034418e-08,1.5687013146103255e-08
2024-05-11 06:46:00,5.3270579649989204e-08,1.5981173894996762e-08
2024-05-11 06:47:00,5.246197384681746e-08,1.573859215404524e-08
2024-05-11 06:48:00,5.2907510728385173e-08,1.587225321851555e-08
2024-05-11 06:49:00,5.3166721316596526e-08,1.5950016394978957e-08
2024-05-11 06:50:00,5.3119527664619757e-08,1.5935858299385925e-08
2024-05-11 06:51:00,5.3157966035810833e-08,1.594738981074325e-08
2024-05-11 06:52:00,5.415937404879401e-08,1.6247812214638202e-08
2024-05-11 06:53:00,5.310082837781252e-08,1.5930248513343756e-08
2024-05-11 06:54:00,5.2527888266255056e-08,1.5758366479876516e-08
2024-05-11 06:55:00,5.344456187852918e-08,1.6033368563558754e-08
2024-05-11 06:56:00,5.360220143552876e-08,1.6080660430658627e-08
2024-05-11 06:57:00,5.1743670139778486e-08,1.5523101041933546e-08
2024-05-11 06:58:00,5.3012388317470135e-08,1.590371649524104e-08
2024-05-11 06:59:00,5.305730734227386e-08,1.5917192202682158e-08
2024-05-11 07:00:00,5.2243694883584255e-08,1.5673108465075277e-08
2024-05-11 07:01:00,5.356715281267557e-08,1.607014584380267e-08
2024-05-11 07:02:00,5.226920964280968e-08,1.56807628928429e-08
2024-05-11 07:03:00,5.2434920814017734e-08,1.5730476244205318e-08
2024-05-11 07:04:00,5.217112077745024e-08,1.5651336233235072e-08
2024-05-11 07:05:00,5.227041756725482e-08,1.5681125270176445e-08
2024-05-11 07:06:00,5.1460080205761466e-08,1.5438024061728436e-08
2024-05-11 07:07:00,5.120646821401893e-08,1.5361940464205676e-08
2024-05-11 07:08:00,5.3488469238617264e-08,1.604654077158518e-08
2024-05-11 07:09:00,5.150063009528868e-08,1.54501890285866e-08
2024-05-11 07:10:00,5.136601060852727e-08,1.5409803182558183e-08
2024-05-11 07:11:00,5.0636561852456216e-08,1.5190968555736864e-08
2024-05-11 07:12:00,5.1519622510348666e-08,1.54558867531046e-08
2024-05-11 07:13:00,5.103647416408023e-08,1.5310942249224068e-08
2024-05-11 07:14:00,5.329294643000527e-08,1.598788392900158e-08
2024-05-11 07:15:00,5.267429662151713e-08,1.5802288986455137e-08
2024-05-11 07:16:00,5.1326304972476796e-08,1.5397891491743037e-08
2024-05-11 07:17:00,5.378660168650772e-08,1.6135980505952317e-08
2024-05-11 07:18:00,5.2530376111163005e-08,1.57591128333489e-08
2024-05-11 07:19:00,5.145957859629545e-08,1.5437873578888632e-08
2024-05-11 07:20:00,5.009446541340357e-08,1.502833962402107e-08
2024-05-11 07:21:00,5.3668488537104066e-08,1.6100546561131217e-08
2024-05-11 07:22:00,5.063786235322348e-08,1.5191358705967043e-08
2024-05-11 07:23:00,5.044557734572513e-08,1.513367320371754e-08
2024-05-11 07:24:00,5.232859864334085e-08,1.5698579593002253e-08
2024-05-11 07:25:00,5.366989290743734e-08,1.61009678722312e-08
2024-05-11 07:26:00,5.2574960001263045e-08,1.5772488000378912e-08
2024-05-11 07:27:00,5.1823220581609453e-08,1.5546966174482834e-08
2024-05-11 07:28:00,5.180929953770941e-08,1.5542789861312822e-08
2024-05-11 07:29:00,5.198647384459962e-08,1.5595942153379887e-08
2024-05-11 07:30:00,5.1867469456905134e-08,1.556024083707154e-08
2024-05-11 07:31:00,5.144104760023303e-08,1.543231428006991e-08
2024-05-11 07:32:00,5.1265505374078716e-08,1.5379651612223613e-08
2024-05-11 07:33:00,5.1101176531447045e-08,1.5330352959434112e-08
2024-05-11 07:34:00,5.057445717620554e-08,1.5172337152861664e-08
2024-05-11 07:35:00,5.086427934222127e-08,1.5259283802666383e-08
2024-05-11 07:36:00,4.9910447530039154e-08,1.4973134259011744e-08
2024-05-11 07:37:00,5.091997422619347e-08,1.527599226785804e-08
2024-05-11 07:38:00,5.026558160352263e-08,1.5079674481056787e-08
2024-05-11 07:39:00,5.015340525913821e-08,1.504602157774146e-08
2024-05-11 07:40:00,5.101458937148626e-08,1.5304376811445877e-08
2024-05-11 07:41:00,5.200050543752573e-08,1.560015163125772e-08
2024-05-11 07:42:00,5.15396836325946e-08,1.5461905089778378e-08
2024-05-11 07:43:00,4.9713647028838416e-08,1.4914094108651524e-08
2024-05-11 07:44:00,5.0035182237047924e-08,1.5010554671114376e-08
2024-05-11 07:45:00,5.144467375728886e-08,1.5433402127186658e-08
2024-05-11 07:46:00,4.996375342000321e-08,1.4989126026000963e-08
2024-05-11 07:47:00,5.0445301618657445e-08,1.5133590485597232e-08
2024-05-11 07:48:00,5.100314842310532e-08,1.5300944526931598e-08
2024-05-11 07:49:00,4.985934577623098e-08,1.4957803732869295e-08
2024-05-11 07:50:00,5.057725959114682e-08,1.5173177877344044e-08
2024-05-11 07:51:00,4.9553173764142196e-08,1.4865952129242656e-08
2024-05-11 07:52:00,4.999107626045161e-08,1.4997322878135483e-08
2024-05-11 07:53:00,5.063052001743332e-08,1.5189156005229996e-08
2024-05-11 07:54:00,4.928466209442831e-08,1.4785398628328492e-08
2024-05-11 07:55:00,5.06515182127263e-08,1.519545546381789e-08
2024-05-11 07:56:00,5.025798328255577e-08,1.5077394984766728e-08
2024-05-11 07:57:00,5.066746621035142e-08,1.5200239863105424e-08
2024-05-11 07:58:00,5.0369055456872817e-08,1.5110716637061842e-08
2024-05-11 07:59:00,5.129646029431285e-08,1.5388938088293854e-08
2024-05-11 08:00:00,5.0218928128730993e-08,1.5065678438619297e-08
2024-05-11 08:01:00,4.977525208671347e-08,1.4932575626014042e-08
2024-05-11 08:02:00,5.014282418810834e-08,1.5042847256432503e-08
2024-05-11 08:03:00,5.043796292135294e-08,1.5131388876405882e-08
2024-05-11 08:04:00,5.0013446299853835e-08,1.500403388995615e-08
2024-05-11 08:05:00,4.997051462418993e-08,1.499115438725698e-08
2024-05-11 08:06:00,4.94036377446262e-08,1.4821091323387859e-08
2024-05-11 08:07:00,4.939355563281447e-08,1.481806668984434e-08
2024-05-11 08:08:00,4.88816732836212e-08,1.466450198508636e-08
2024-05-11 08:09:00,5.12943995437443e-08,1.538831986312329e-08
2024-05-11 08:10:00,4.8906558473541175e-08,1.4671967542062353e-08
2024-05-11 08:11:00,4.92277482634666e-08,1.4768324479039979e-08
2024-05-11 08:12:00,4.917435124484692e-08,1.4752305373454077e-08
2024-05-11 08:13:00,5.0367349762099656e-08,1.5110204928629897e-08
2024-05-11 08:14:00,4.939658312501895e-08,1.4818974937505686e-08
2024-05-11 08:15:00,5.060610644609516e-08,1.5181831933828548e-08
2024-05-11 08:16:00,4.906065261348796e-08,1.4718195784046387e-08
2024-05-11 08:17:00,4.9718948798940706e-08,1.491568463968221e-08
2024-05-11 08:18:00,4.8880656599851993e-08,1.4664196979955599e-08
2024-05-11 08:19:00,5.13316726805254e-08,1.539950180415762e-08
2024-05-11 08:20:00,4.8582333841538153e-08,1.4574700152461444e-08
2024-05-11 08:21:00,4.960051663352239e-08,1.4880154990056716e-08
2024-05-11 08:22:00,4.9825861075468833e-08,1.494775832264065e-08
2024-05-11 08:23:00,4.961199173427844e-08,1.4883597520283531e-08
2024-05-11 08:24:00,4.9119436978694926e-08,1.4735831093608477e-08
2024-05-11 08:25:00,4.9124820531600604e-08,1.473744615948018e-08
2024-05-11 08:26:00,4.9219039806739135e-08,1.4765711942021738e-08
2024-05-11 08:27:00,4.90419311250315e-08,1.4712579337509447e-08
2024-05-11 08:28:00,4.9893734733378355e-08,1.4968120420013507e-08
2024-05-11 08:29:00,5.1046832220416435e-08,1.531404966612493e-08
2024-05-11 08:30:00,4.864501766197925e-08,1.4593505298593774e-08
2024-05-11 08:31:00,4.808265347169106e-08,1.4424796041507317e-08
2024-05-11 08:32:00,4.891083380071778e-08,1.4673250140215333e-08
2024-05-11 08:33:00,5.130442163286034e-08,1.5391326489858102e-08
2024-05-11 08:34:00,4.8339545348278175e-08,1.4501863604483452e-08
2024-05-11 08:35:00,5.0266539601023674e-08,1.5079961880307102e-08
2024-05-11 08:36:00,5.026922842522414e-08,1.508076852756724e-08
2024-05-11 08:37:00,4.840569962081299e-08,1.4521709886243898e-08
2024-05-11 08:38:00,4.921532622918785e-08,1.4764597868756355e-08
2024-05-11 08:39:00,5.011903236512077e-08,1.503570970953623e-08
2024-05-11 08:40:00,4.84251243852176e-08,1.452753731556528e-08
2024-05-11 08:41:00,4.851711644105834e-08,1.4555134932317503e-08
2024-05-11 08:42:00,4.82157584120399e-08,1.446472752361197e-08
2024-05-11 08:43:00,4.789366403297964e-08,1.4368099209893893e-08
2024-05-11 08:44:00,4.810183070948666e-08,1.4430549212845998e-08
2024-05-11 08:45:00,4.76934728679285e-08,1.430804186037855e-08
2024-05-11 08:46:00,4.8524062413810394e-08,1.4557218724143117e-08
2024-05-11 08:47:00,4.7919474357095445e-08,1.4375842307128633e-08
2024-05-11 08:48:00,4.860980034198027e-08,1.458294010259408e-08
2024-05-11 08:49:00,4.7357170309377646e-08,1.4207151092813292e-08
2024-05-11 08:50:00,4.861899802391368e-08,1.4585699407174104e-08
2024-05-11 08:51:00,4.899721457982574e-08,1.4699164373947721e-08
2024-05-11 08:52:00,4.7005687040914266e-08,1.4101706112274278e-08
2024-05-11 08:53:00,4.855356165411926e-08,1.4566068496235779e-08
2024-05-11 08:54:00,4.924294637238349e-08,1.4772883911715047e-08
2024-05-11 08:55:00,4.736932179600356e-08,1.4210796538801066e-08
2024-05-11 08:56:00,4.9591943902517976e-08,1.4877583170755392e-08
2024-05-11 08:57:00,4.845767727225535e-08,1.4537303181676605e-08
2024-05-11 08:58:00,4.759884469278467e-08,1.4279653407835402e-08
2024-05-11 08:59:00,4.802631004458052e-08,1.4407893013374154e-08
2024-05-11 09:00:00,4.8472178687824194e-08,1.4541653606347259e-08
2024-05-11 09:01:00,4.806024468126365e-08,1.4418073404379093e-08
2024-05-11 09:02:00,4.839135227265714e-08,1.4517405681797142e-08
2024-05-11 09:03:00,4.729323725842555e-08,1.4187971177527663e-08
2024-05-11 09:04:00,4.803458567243546e-08,1.4410375701730639e-08
2024-05-11 09:05:00,4.691836386961176e-08,1.4075509160883528e-08
2024-05-11 09:06:00,4.7758957728447396e-08,1.4327687318534218e-08
2024-05-11 09:07:00,4.7175698521966704e-08,1.4152709556590013e-08
2024-05-11 09:08:00,4.725544761451091e-08,1.4176634284353274e-08
2024-05-11 09:09:00,4.876448971865364e-08,1.4629346915596091e-08
2024-05-11 09:10:00,4.860342479770076e-08,1.4581027439310227e-08
2024-05-11 09:11:00,4.816083115572432e-08,1.4448249346717295e-08
2024-05-11 09:12:00,4.6895210779454447e-08,1.4068563233836334e-08
2024-05-11 09:13:00,4.738756414964448e-08,1.4216269244893343e-08
2024-05-11 09:14:00,4.8585743058671454e-08,1.4575722917601434e-08
2024-05-11 09:15:00,4.7663947489230066e-08,1.429918424676902e-08
2024-05-11 09:16:00,4.960569024644384e-08,1.4881707073933151e-08
2024-05-11 09:17:00,4.7797905258225526e-08,1.4339371577467658e-08
2024-05-11 09:18:00,4.7609054554187734e-08,1.4282716366256319e-08
2024-05-11 09:19:00,4.720534143909645e-08,1.4161602431728936e-08
2024-05-11 09:20:00,4.750209620652846e-08,1.4250628861958538e-08
2024-05-11 09:21:00,4.7257002353234065e-08,1.417710070597022e-08
2024-05-11 09:22:00,4.789957706876695e-08,1.4369873120630086e-08
2024-05-11 09:23:00,4.808012006189473e-08,1.442403601856842e-08
2024-05-11 09:24:00,4.672185886435375e-08,1.4016557659306124e-08
2024-05-11 09:25:00,4.6342325111543095e-08,1.3902697533462927e-08
2024-05-11 09:26:00,4.6013142693935456e-08,1.3803942808180638e-08
2024-05-11 09:27:00,4.7582421611136396e-08,1.4274726483340918e-08
2024-05-11 09:28:00,4.6393566157013544e-08,1.3918069847104063e-08
2024-05-11 09:29:00,4.5746131553904004e-08,1.3723839466171201e-08
2024-05-11 09:30:00,4.739598323360745e-08,1.4218794970082236e-08
2024-05-11 09:31:00,4.9333159689901086e-08,1.4799947906970325e-08
2024-05-11 09:32:00,4.7031319021970154e-08,1.4109395706591044e-08
2024-05-11 09:33:00,4.7676112515589384e-08,1.4302833754676816e-08
2024-05-11 09:34:00,4.703793409632912e-08,1.4111380228898736e-08
2024-05-11 09:35:00,4.68728456701707e-08,1.406185370105121e-08
2024-05-11 09:36:00,4.765591321243462e-08,1.4296773963730385e-08
2024-05-11 09:37:00,4.667424459995384e-08,1.4002273379986151e-08
2024-05-11 09:38:00,4.706243128691836e-08,1.4118729386075507e-08
2024-05-11 09:39:00,4.7075615963247294e-08,1.412268478897419e-08
2024-05-11 09:40:00,4.6322346875250123e-08,1.3896704062575037e-08
2024-05-11 09:41:00,4.757215034738938e-08,1.4271645104216814e-08
2024-05-11 09:42:00,4.6611263321041535e-08,1.398337899631246e-08
2024-05-11 09:43:00,4.617586541942952e-08,1.3852759625828856e-08
2024-05-11 09:44:00,4.710177949812952e-08,1.4130533849438854e-08
2024-05-11 09:45:00,4.6023465884135545e-08,1.3807039765240663e-08
2024-05-11 09:46:00,4.664626679520341e-08,1.3993880038561022e-08
2024-05-11 09:47:00,4.658953994307261e-08,1.3976861982921782e-08
2024-05-11 09:48:00,4.7452250142018044e-08,1.4235675042605413e-08
2024-05-11 09:49:00,4.690821007471477e-08,1.407246302241443e-08
2024-05-11 09:50:00,4.64920119889716e-08,1.3947603596691479e-08
2024-05-11 09:51:00,4.7134901891959737e-08,1.4140470567587921e-08
2024-05-11 09:52:00,4.761342230841948e-08,1.4284026692525843e-08
2024-05-11 09:53:00,4.686224137416595e-08,1.4058672412249786e-08
2024-05-11 09:54:00,4.6405535258511444e-08,1.3921660577553433e-08
2024-05-11 09:55:00,4.547660722931455e-08,1.3642982168794364e-08
2024-05-11 09:56:00,4.560349590960149e-08,1.3681048772880446e-08
2024-05-11 09:57:00,4.6090164845864304e-08,1.3827049453759291e-08
2024-05-11 09:58:00,4.584928572545911e-08,1.3754785717637733e-08
2024-05-11 09:59:00,4.612017367380556e-08,1.3836052102141667e-08
2024-05-11 10:00:00,4.627351682346614e-08,1.3882055047039842e-08
2024-05-11 10:01:00,4.6616806698787104e-08,1.398504200963613e-08
2024-05-11 10:02:00,4.61232987332464e-08,1.3836989619973919e-08
2024-05-11 10:03:00,4.6527065487447756e-08,1.3958119646234327e-08
2024-05-11 10:04:00,4.6169874002115215e-08,1.3850962200634564e-08
2024-05-11 10:05:00,4.481185463985366e-08,1.3443556391956099e-08
2024-05-11 10:06:00,4.5409896625993527e-08,1.3622968987798058e-08
2024-05-11 10:07:00,4.593310696344606e-08,1.3779932089033817e-08
2024-05-11 10:08:00,4.518337767683174e-08,1.3555013303049521e-08
2024-05-11 10:09:00,4.645707712850432e-08,1.3937123138551297e-08
2024-05-11 10:10:00,4.7250082107661245e-08,1.4175024632298373e-08
2024-05-11 10:11:00,4.6935818062511275e-08,1.4080745418753383e-08
2024-05-11 10:12:00,4.574874263194029e-08,1.3724622789582086e-08
2024-05-11 10:13:00,4.713271348614943e-08,1.4139814045844828e-08
2024-05-11 10:14:00,4.596615910509726e-08,1.3789847731529176e-08
2024-05-11 10:15:00,4.558056521249098e-08,1.3674169563747293e-08
2024-05-11 10:16:00,4.5361348360310845e-08,1.3608404508093253e-08
2024-05-11 10:17:00,4.55529494985523e-08,1.366588484956569e-08
2024-05-11 10:18:00,4.546586314068019e-08,1.3639758942204056e-08
2024-05-11 10:19:00,4.585217853968106e-08,1.3755653561904319e-08
2024-05-11 10:20:00,4.5818735233223355e-08,1.3745620569967005e-08
2024-05-11 10:21:00,4.567333892436207e-08,1.370200167730862e-08
2024-05-11 10:22:00,4.5984033558911174e-08,1.3795210067673353e-08
2024-05-11 10:23:00,4.65974323355883e-08,1.397922970067649e-08
2024-05-11 10:24:00,4.635959178165005e-08,1.3907877534495015e-08
2024-05-11 10:25:00,4.457040882860627e-08,1.3371122648581881e-08
2024-05-11 10:26:00,4.395218574505983e-08,1.3185655723517947e-08
2024-05-11 10:27:00,4.6270378459782505e-08,1.3881113537934753e-08
2024-05-11 10:28:00,4.4566089564390006e-08,1.3369826869317002e-08
2024-05-11 10:29:00,4.530213063947282e-08,1.3590639191841845e-08
2024-05-11 10:30:00,4.463801053588815e-08,1.3391403160766445e-08
2024-05-11 10:31:00,4.423374647447603e-08,1.3270123942342809e-08
2024-05-11 10:32:00,4.581620301143231e-08,1.3744860903429693e-08
2024-05-11 10:33:00,4.597147353723719e-08,1.3791442061171157e-08
2024-05-11 10:34:00,4.492956065201793e-08,1.3478868195605378e-08
2024-05-11 10:35:00,4.3709052174432083e-08,1.3112715652329626e-08
2024-05-11 10:36:00,4.4901396612715854e-08,1.3470418983814756e-08
2024-05-11 10:37:00,4.557302209190924e-08,1.3671906627572772e-08
2024-05-11 10:38:00,4.4251298962215226e-08,1.3275389688664567e-08
2024-05-11 10:39:00,4.536129119384451e-08,1.3608387358153353e-08
2024-05-11 10:40:00,4.5186276327489394e-08,1.3555882898246817e-08
2024-05-11 10:41:00,4.562762084939855e-08,1.3688286254819565e-08
2024-05-11 10:42:00,4.5240271802810195e-08,1.3572081540843057e-08
2024-05-11 10:43:00,4.444688624343454e-08,1.3334065873030362e-08
2024-05-11 10:44:00,4.608517331694235e-08,1.3825551995082703e-08
2024-05-11 10:45:00,4.496099625572519e-08,1.3488298876717555e-08
2024-05-11 10:46:00,4.503447005268032e-08,1.3510341015804097e-08
2024-05-11 10:47:00,4.437824503673942e-08,1.3313473511021826e-08
2024-05-11 10:48:00,4.468635537389097e-08,1.3405906612167292e-08
2024-05-11 10:49:00,4.4363237276787416e-08,1.3308971183036224e-08
2024-05-11 10:50:00,4.4833418233289824e-08,1.3450025469986945e-08
2024-05-11 10:51:00,4.640197107520442e-08,1.3920591322561325e-08
2024-05-11 10:52:00,4.398531116841429e-08,1.3195593350524285e-08
2024-05-11 10:53:00,4.381745798278801e-08,1.31452373948364e-08
2024-05-11 10:54:00,4.610403463169604e-08,1.3831210389508813e-08
2024-05-11 10:55:00,4.469210564874498e-08,1.3407631694623495e-08
2024-05-11 10:56:00,4.4346522092238195e-08,1.3303956627671459e-08
2024-05-11 10:57:00,4.564541276418028e-08,1.3693623829254084e-08
2024-05-11 10:58:00,4.4344661062964835e-08,1.3303398318889451e-08
2024-05-11 10:59:00,4.633185573812708e-08,1.3899556721438124e-08
2024-05-11 11:00:00,4.526929146483097e-08,1.3580787439449292e-08
2024-05-11 11:01:00,4.435898940471058e-08,1.3307696821413175e-08
2024-05-11 11:02:00,4.660014511149526e-08,1.3980043533448579e-08
2024-05-11 11:03:00,4.423337589538123e-08,1.3270012768614369e-08
2024-05-11 11:04:00,4.523439254437539e-08,1.3570317763312616e-08
2024-05-11 11:05:00,4.485336217071705e-08,1.3456008651215115e-08
2024-05-11 11:06:00,4.568012625527588e-08,1.3704037876582764e-08
2024-05-11 11:07:00,4.589993499627185e-08,1.3769980498881553e-08
2024-05-11 11:08:00,4.458272730045006e-08,1.3374818190135018e-08
2024-05-11 11:09:00,4.400283964045567e-08,1.3200851892136701e-08
2024-05-11 11:10:00,4.4872868328418416e-08,1.3461860498525523e-08
2024-05-11 11:11:00,4.401106196913463e-08,1.320331859074039e-08
2024-05-11 11:12:00,4.623597472360883e-08,1.3870792417082648e-08
2024-05-11 11:13:00,4.4555408821586604e-08,1.336662264647598e-08
2024-05-11 11:14:00,4.4164260228997006e-08,1.3249278068699101e-08
2024-05-11 11:15:00,4.455034458899863e-08,1.3365103376699587e-08
2024-05-11 11:16:00,4.3474199953587306e-08,1.3042259986076193e-08
2024-05-11 11:17:00,4.369010943009173e-08,1.3107032829027516e-08
2024-05-11 11:18:00,4.533395501673299e-08,1.3600186505019895e-08
2024-05-11 11:19:00,4.385770100077736e-08,1.3157310300233207e-08
2024-05-11 11:20:00,4.357971227521507e-08,1.307391368256452e-08
2024-05-11 11:21:00,4.47050435838366e-08,1.3411513075150981e-08
2024-05-11 11:22:00,4.523882762465671e-08,1.3571648287397011e-08
2024-05-11 11:23:00,4.481467134430388e-08,1.3444401403291163e-08
2024-05-11 11:24:00,4.503086982736433e-08,1.35092609482093e-08
2024-05-11 11:25:00,4.366850186868293e-08,1.310055056060488e-08
2024-05-11 11:26:00,4.322476646799392e-08,1.2967429940398177e-08
2024-05-11 11:27:00,4.54280566354334e-08,1.3628416990630021e-08
2024-05-11 11:28:00,4.390914213920544e-08,1.3172742641761633e-08
2024-05-11 11:29:00,4.3941048093225483e-08,1.3182314427967644e-08
2024-05-11 11:30:00,4.5208365880532654e-08,1.3562509764159796e-08
2024-05-11 11:31:00,4.452159954074937e-08,1.335647986222481e-08
2024-05-11 11:32:00,4.442096961354554e-08,1.332629088406366e-08
2024-05-11 11:33:00,4.5966171649657046e-08,1.3789851494897113e-08
2024-05-11 11:34:00,4.356841437781092e-08,1.3070524313343276e-08
2024-05-11 11:35:00,4.4755958995042644e-08,1.3426787698512794e-08
2024-05-11 11:36:00,4.403319783797012e-08,1.3209959351391036e-08
2024-05-11 11:37:00,4.417683077273891e-08,1.3253049231821672e-08
2024-05-11 11:38:00,4.5240793312506173e-08,1.3572237993751852e-08
2024-05-11 11:39:00,4.432934451524629e-08,1.3298803354573887e-08
2024-05-11 11:40:00,4.4335347545571825e-08,1.3300604263671547e-08
2024-05-11 11:41:00,4.4768960443513515e-08,1.3430688133054054e-08
2024-05-11 11:42:00,4.361138196390704e-08,1.3083414589172113e-08
2024-05-11 11:43:00,4.3267903935888834e-08,1.298037118076665e-08
2024-05-11 11:44:00,4.311567751982157e-08,1.2934703255946473e-08
2024-05-11 11:45:00,4.2545548348087545e-08,1.2763664504426263e-08
2024-05-11 11:46:00,4.561099816441096e-08,1.3683299449323288e-08
2024-05-11 11:47:00,4.302392277958252e-08,1.2907176833874756e-08
2024-05-11 11:48:00,4.3605303166162625e-08,1.3081590949848788e-08
2024-05-11 11:49:00,4.354727884924203e-08,1.306418365477261e-08
2024-05-11 11:50:00,4.396880039134063e-08,1.319064011740219e-08
2024-05-11 11:51:00,4.436595616502504e-08,1.3309786849507512e-08
2024-05-11 11:52:00,4.438639622747453e-08,1.331591886824236e-08
2024-05-11 11:53:00,4.326129679419194e-08,1.2978389038257583e-08
2024-05-11 11:54:00,4.353882022015472e-08,1.3061646066046416e-08
2024-05-11 11:55:00,4.3861763106968614e-08,1.3158528932090585e-08
2024-05-11 11:56:00,4.344495088611606e-08,1.3033485265834816e-08
2024-05-11 11:57:00,4.4974139148949325e-08,1.3492241744684798e-08
2024-05-11 11:58:00,4.397596055774003e-08,1.319278816732201e-08
2024-05-11 11:59:00,4.4159551259546054e-08,1.3247865377863815e-08
2024-05-11 12:00:00,4.408271455222879e-08,1.3224814365668636e-08
2024-05-11 12:01:00,4.450553376207467e-08,1.33516601286224e-08
2024-05-11 12:02:00,4.3664157231015677e-08,1.3099247169304704e-08
2024-05-11 12:03:00,4.2626065255241386e-08,1.2787819576572416e-08
2024-05-11 12:04:00,4.380236823130902e-08,1.3140710469392705e-08
2024-05-11 12:05:00,4.3011612480762776e-08,1.2903483744228833e-08
2024-05-11 12:06:00,4.307955426870176e-08,1.2923866280610528e-08
2024-05-11 12:07:00,4.390417294978701e-08,1.3171251884936103e-08
2024-05-11 12:08:00,4.444890740460447e-08,1.333467222138134e-08
2024-05-11 12:09:00,4.342828495517707e-08,1.302848548655312e-08
2024-05-11 12:10:00,4.363343068172383e-08,1.3090029204517147e-08
2024-05-11 12:11:00,4.4834952983703674e-08,1.3450485895111102e-08
2024-05-11 12:12:00,4.354860174793772e-08,1.3064580524381316e-08
2024-05-11 12:13:00,4.573583406373502e-08,1.3720750219120506e-08
2024-05-11 12:14:00,4.377612705197653e-08,1.3132838115592959e-08
2024-05-11 12:15:00,4.215742822837702e-08,1.2647228468513104e-08
2024-05-11 12:16:00,4.3900772415166996e-08,1.3170231724550098e-08
2024-05-11 12:17:00,4.3581503147324497e-08,1.3074450944197349e-08
2024-05-11 12:18:00,4.433931720561568e-08,1.3301795161684704e-08
2024-05-11 12:19:00,4.378823599616038e-08,1.3136470798848113e-08
2024-05-11 12:20:00,4.3139183977126285e-08,1.2941755193137884e-08
2024-05-11 12:21:00,4.238818094945267e-08,1.2716454284835803e-08
2024-05-11 12:22:00,4.305785000124394e-08,1.2917355000373182e-08
2024-05-11 12:23:00,4.2598562909725796e-08,1.2779568872917739e-08
2024-05-11 12:24:00,4.276581183645068e-08,1.2829743550935204e-08
2024-05-11 12:25:00,4.3629732243897686e-08,1.3088919673169305e-08
2024-05-11 12:26:00,4.4577003872162437e-08,1.3373101161648731e-08
2024-05-11 12:27:00,4.344432385275856e-08,1.3033297155827568e-08
2024-05-11 12:28:00,4.230403155197367e-08,1.2691209465592102e-08
2024-05-11 12:29:00,4.3455733532815276e-08,1.3036720059844583e-08
2024-05-11 12:30:00,4.407987743251814e-08,1.3223963229755443e-08
2024-05-11 12:31:00,4.2645765812878314e-08,1.2793729743863494e-08
2024-05-11 12:32:00,4.2969390326546446e-08,1.2890817097963934e-08
2024-05-11 12:33:00,4.306610982137498e-08,1.2919832946412493e-08
2024-05-11 12:34:00,4.248601536201449e-08,1.2745804608604349e-08
2024-05-11 12:35:00,4.353835960723315e-08,1.3061507882169945e-08
2024-05-11 12:36:00,4.292429135176974e-08,1.287728740553092e-08
2024-05-11 12:37:00,4.332549884854694e-08,1.2997649654564082e-08
2024-05-11 12:38:00,4.2364168079655463e-08,1.270925042389664e-08
2024-05-11 12:39:00,4.2656563287021706e-08,1.2796968986106511e-08
2024-05-11 12:40:00,4.3533185381796415e-08,1.3059955614538923e-08
2024-05-11 12:41:00,4.267593249250569e-08,1.2802779747751706e-08
2024-05-11 12:42:00,4.4413358445636425e-08,1.3324007533690927e-08
2024-05-11 12:43:00,4.263109187035878e-08,1.2789327561107632e-08
2024-05-11 12:44:00,4.3080602283842666e-08,1.2924180685152801e-08
2024-05-11 12:45:00,4.3647243103169144e-08,1.3094172930950743e-08
2024-05-11 12:46:00,4.192567684846146e-08,1.2577703054538438e-08
2024-05-11 12:47:00,4.1710791320846325e-08,1.2513237396253896e-08
2024-05-11 12:48:00,4.183621194475402e-08,1.2550863583426208e-08
2024-05-11 12:49:00,4.388918331180222e-08,1.3166754993540665e-08
2024-05-11 12:50:00,4.243717436145809e-08,1.2731152308437426e-08
2024-05-11 12:51:00,4.5161001548197e-08,1.3548300464459098e-08
2024-05-11 12:52:00,4.2404434846409286e-08,1.2721330453922784e-08
2024-05-11 12:53:00,4.293859679606745e-08,1.2881579038820235e-08
2024-05-11 12:54:00,4.4087676136871134e-08,1.322630284106134e-08
2024-05-11 12:55:00,4.4530080701342e-08,1.3359024210402599e-08
2024-05-11 12:56:00,4.457478619682135e-08,1.3372435859046404e-08
2024-05-11 12:57:00,4.374495790708256e-08,1.3123487372124769e-08
2024-05-11 12:58:00,4.357004014679632e-08,1.3071012044038896e-08
2024-05-11 12:59:00,4.319320840914261e-08,1.2957962522742782e-08
2024-05-11 13:00:00,4.3336377666481683e-08,1.3000913299944507e-08
2024-05-11 13:01:00,4.230918977220332e-08,1.2692756931660995e-08
2024-05-11 13:02:00,4.21173469584751e-08,1.2635204087542528e-08
2024-05-11 13:03:00,4.268127975417945e-08,1.2804383926253834e-08
2024-05-11 13:04:00,4.2546856212241096e-08,1.2764056863672328e-08
2024-05-11 13:05:00,4.2333418159412494e-08,1.2700025447823748e-08
2024-05-11 13:06:00,4.320184262966152e-08,1.2960552788898454e-08
2024-05-11 13:07:00,4.341100318519584e-08,1.302330095555875e-08
2024-05-11 13:08:00,4.269683736774143e-08,1.2809051210322429e-08
2024-05-11 13:09:00,4.3860171414445553e-08,1.3158051424333666e-08
2024-05-11 13:10:00,4.182229711523835e-08,1.2546689134571504e-08
2024-05-11 13:11:00,4.245582484192489e-08,1.2736747452577467e-08
2024-05-11 13:12:00,4.2079074646371484e-08,1.2623722393911446e-08
2024-05-11 13:13:00,4.135769953938891e-08,1.2407309861816674e-08
2024-05-11 13:14:00,4.250708327850105e-08,1.2752124983550317e-08
2024-05-11 13:15:00,4.246832616425928e-08,1.2740497849277785e-08
2024-05-11 13:16:00,4.3823257734742836e-08,1.3146977320422849e-08
2024-05-11 13:17:00,4.303549807222951e-08,1.2910649421668853e-08
2024-05-11 13:18:00,4.181761576268538e-08,1.2545284728805614e-08
2024-05-11 13:19:00,4.412331524946953e-08,1.323699457484086e-08
2024-05-11 13:20:00,4.351570029878785e-08,1.3054710089636355e-08
2024-05-11 13:21:00,4.295755567613096e-08,1.2887266702839288e-08
2024-05-11 13:22:00,4.2325097673009775e-08,1.2697529301902933e-08
2024-05-11 13:23:00,4.1812756388706953e-08,1.2543826916612087e-08
2024-05-11 13:24:00,4.220238737965842e-08,1.2660716213897527e-08
2024-05-11 13:25:00,4.335194724147903e-08,1.3005584172443708e-08
2024-05-11 13:26:00,4.4089507588202315e-08,1.3226852276460695e-08
2024-05-11 13:27:00,4.374963395742891e-08,1.3124890187228674e-08
2024-05-11 13:28:00,4.208506856571109e-08,1.2625520569713327e-08
2024-05-11 13:29:00,4.165700512798394e-08,1.2497101538395182e-08
2024-05-11 13:30:00,4.252828355546122e-08,1.2758485066638367e-08
2024-05-11 13:31:00,4.1248099060002797e-08,1.237442971800084e-08
2024-05-11 13:32:00,4.265312407392137e-08,1.279593722217641e-08
2024-05-11 13:33:00,4.2287074248658443e-08,1.2686122274597533e-08
2024-05-11 13:34:00,4.205084526496566e-08,1.2615253579489698e-08
2024-05-11 13:35:00,4.1316670539373805e-08,1.2395001161812141e-08
2024-05-11 13:36:00,4.2772894628601184e-08,1.2831868388580356e-08
2024-05-11 13:37:00,4.198064470758637e-08,1.2594193412275912e-08
2024-05-11 13:38:00,4.1552115008890267e-08,1.2465634502667078e-08
2024-05-11 13:39:00,4.0599036708857214e-08,1.2179711012657161e-08
2024-05-11 13:40:00,4.2321064509980405e-08,1.2696319352994121e-08
2024-05-11 13:41:00,4.385680686163379e-08,1.3157042058490136e-08
2024-05-11 13:42:00,4.374173734332078e-08,1.3122521202996234e-08
2024-05-11 13:43:00,4.19882014510751e-08,1.259646043532253e-08
2024-05-11 13:44:00,4.188048807131537e-08,1.2564146421394613e-08
2024-05-11 13:45:00,4.266949154834817e-08,1.280084746450445e-08
2024-05-11 13:46:00,4.1602838033268404e-08,1.248085140998052e-08
2024-05-11 13:47:00,4.252289554586655e-08,1.2756868663759966e-08
2024-05-11 13:48:00,4.289341239108855e-08,1.2868023717326566e-08
2024-05-11 13:49:00,4.328814009860312e-08,1.2986442029580935e-08
2024-05-11 13:50:00,4.2196642450134705e-08,1.2658992735040412e-08
2024-05-11 13:51:00,4.2114220843318535e-08,1.263426625299556e-08
2024-05-11 13:52:00,4.1641261008867385e-08,1.2492378302660215e-08
2024-05-11 13:53:00,4.166864489500758e-08,1.2500593468502274e-08
2024-05-11 13:54:00,4.207863213618529e-08,1.2623589640855586e-08
2024-05-11 13:55:00,4.252274042187497e-08,1.275682212656249e-08
2024-05-11 13:56:00,4.296777935938574e-08,1.2890333807815722e-08
2024-05-11 13:57:00,4.16599433209664e-08,1.2497982996289921e-08
2024-05-11 13:58:00,4.347633201273744e-08,1.3042899603821234e-08
2024-05-11 13:59:00,4.20165390043689e-08,1.2604961701310668e-08
2024-05-11 14:00:00,4.219411691752287e-08,1.2658235075256861e-08
2024-05-11 14:01:00,4.16743808313589e-08,1.2502314249407671e-08
2024-05-11 14:02:00,4.06747478735941e-08,1.2202424362078231e-08
2024-05-11 14:03:00,4.2902627939390515e-08,1.2870788381817156e-08
2024-05-11 14:04:00,4.277264322044939e-08,1.2831792966134818e-08
2024-05-11 14:05:00,4.197649110351867e-08,1.2592947331055601e-08
2024-05-11 14:06:00,4.222847084620636e-08,1.2668541253861909e-08
2024-05-11 14:07:00,4.257526777681163e-08,1.277258033304349e-08
2024-05-11 14:08:00,4.112331000157165e-08,1.2336993000471496e-08
2024-05-11 14:09:00,4.1781717431280856e-08,1.2534515229384255e-08
2024-05-11 14:10:00,4.279106087272554e-08,1.2837318261817662e-08
2024-05-11 14:11:00,4.1296251132476534e-08,1.238887533974296e-08
2024-05-11 14:12:00,4.237430073890508e-08,1.2712290221671523e-08
2024-05-11 14:13:00,4.122415102593119e-08,1.2367245307779355e-08
2024-05-11 14:14:00,4.250272768027004e-08,1.2750818304081012e-08
2024-05-11 14:15:00,4.21094403902398e-08,1.263283211707194e-08
2024-05-11 14:16:00,4.105613923555551e-08,1.2316841770666653e-08
2024-05-11 14:17:00,4.308233745350899e-08,1.2924701236052696e-08
2024-05-11 14:18:00,4.160215828594375e-08,1.2480647485783126e-08
2024-05-11 14:19:00,4.154771933489058e-08,1.2464315800467173e-08
2024-05-11 14:20:00,4.2268837097533273e-08,1.2680651129259981e-08
2024-05-11 14:21:00,4.3052556078303616e-08,1.2915766823491084e-08
2024-05-11 14:22:00,4.140213047460479e-08,1.2420639142381436e-08
2024-05-11 14:23:00,4.2151741178321233e-08,1.2645522353496369e-08
2024-05-11 14:24:00,4.2434016490662145e-08,1.2730204947198642e-08
2024-05-11 14:25:00,4.264631066470319e-08,1.2793893199410957e-08
2024-05-11 14:26:00,4.2229352372240216e-08,1.2668805711672063e-08
2024-05-11 14:27:00,4.182427444450951e-08,1.2547282333352852e-08
2024-05-11 14:28:00,4.150533700522239e-08,1.2451601101566718e-08
2024-05-11 14:29:00,4.2151115329688654e-08,1.2645334598906595e-08
2024-05-11 14:30:00,4.134044369556464e-08,1.2402133108669392e-08
2024-05-11 14:31:00,4.030642261893456e-08,1.2091926785680365e-08
2024-05-11 14:32:00,4.241614590380142e-08,1.2724843771140424e-08
2024-05-11 14:33:00,4.2801244905282787e-08,1.2840373471584835e-08
2024-05-11 14:34:00,4.058052235085897e-08,1.2174156705257691e-08
2024-05-11 14:35:00,4.136755633829725e-08,1.2410266901489176e-08
2024-05-11 14:36:00,4.255460246242023e-08,1.2766380738726069e-08
2024-05-11 14:37:00,4.387353423022692e-08,1.3162060269068076e-08
2024-05-11 14:38:00,4.207928455117043e-08,1.2623785365351128e-08
2024-05-11 14:39:00,4.154439693280344e-08,1.2463319079841034e-08
2024-05-11 14:40:00,4.192440821788092e-08,1.2577322465364276e-08
2024-05-11 14:41:00,4.3203070813305103e-08,1.296092124399153e-08
2024-05-11 14:42:00,4.159440136545432e-08,1.2478320409636296e-08
2024-05-11 14:43:00,4.148963742411197e-08,1.244689122723359e-08
2024-05-11 14:44:00,4.17036865175491e-08,1.251110595526473e-08
2024-05-11 14:45:00,4.138526238219108e-08,1.2415578714657324e-08
2024-05-11 14:46:00,4.214298001013583e-08,1.264289400304075e-08
2024-05-11 14:47:00,4.342867497533155e-08,1.3028602492599466e-08
2024-05-11 14:48:00,4.2295957797868534e-08,1.268878733936056e-08
2024-05-11 14:49:00,4.186087188125091e-08,1.2558261564375273e-08
2024-05-11 14:50:00,4.1831474699980164e-08,1.2549442409994048e-08
2024-05-11 14:51:00,4.0999634847843563e-08,1.2299890454353068e-08
2024-05-11 14:52:00,4.2752123563901253e-08,1.2825637069170375e-08
2024-05-11 14:53:00,4.19851762789111e-08,1.259555288367333e-08
2024-05-11 14:54:00,4.190905939906575e-08,1.2572717819719727e-08
2024-05-11 14:55:00,4.511410869202163e-08,1.3534232607606489e-08
2024-05-11 14:56:00,4.227082427528845e-08,1.2681247282586535e-08
2024-05-11 14:57:00,4.150812069638089e-08,1.2452436208914265e-08
2024-05-11 14:58:00,4.173134152406745e-08,1.2519402457220234e-08
2024-05-11 14:59:00,4.2980932122425276e-08,1.2894279636727583e-08
2024-05-11 15:00:00,4.2126589644718236e-08,1.2637976893415472e-08
2024-05-11 15:01:00,4.107067531188267e-08,1.2321202593564801e-08
2024-05-11 15:02:00,4.278031300571492e-08,1.2834093901714475e-08
2024-05-11 15:03:00,4.156451874118006e-08,1.2469355622354018e-08
2024-05-11 15:04:00,4.3663895953144724e-08,1.3099168785943418e-08
2024-05-11 15:05:00,4.292142997214625e-08,1.2876428991643874e-08
2024-05-11 15:06:00,4.171811997981124e-08,1.2515435993943372e-08
2024-05-11 15:07:00,4.3102490978146105e-08,1.2930747293443832e-08
2024-05-11 15:08:00,4.209507141198151e-08,1.2628521423594453e-08
2024-05-11 15:09:00,4.2727007100945385e-08,1.2818102130283614e-08
2024-05-11 15:10:00,4.242270506395269e-08,1.2726811519185809e-08
2024-05-11 15:11:00,4.1450472798703393e-08,1.2435141839611018e-08
2024-05-11 15:12:00,4.15875830023089e-08,1.247627490069267e-08
2024-05-11 15:13:00,4.28841933615999e-08,1.286525800847997e-08
2024-05-11 15:14:00,4.180524408709862e-08,1.2541573226129585e-08
2024-05-11 15:15:00,4.175773534408974e-08,1.252732060322692e-08
2024-05-11 15:16:00,4.1385553717035e-08,1.24156661151105e-08
2024-05-11 15:17:00,4.2382507536981184e-08,1.2714752261094354e-08
2024-05-11 15:18:00,4.386903481364309e-08,1.3160710444092929e-08
2024-05-11 15:19:00,4.1318047930181895e-08,1.2395414379054567e-08
2024-05-11 15:20:00,4.2077913641366184e-08,1.2623374092409854e-08
2024-05-11 15:21:00,4.324135130672065e-08,1.2972405392016194e-08
2024-05-11 15:22:00,4.200428924366131e-08,1.2601286773098391e-08
2024-05-11 15:23:00,4.2416835093132946e-08,1.2725050527939882e-08
2024-05-11 15:24:00,4.133144068316411e-08,1.2399432204949231e-08
2024-05-11 15:25:00,4.240206713862828e-08,1.2720620141588482e-08
2024-05-11 15:26:00,4.1934284365138825e-08,1.2580285309541648e-08
2024-05-11 15:27:00,4.287193228622915e-08,1.2861579685868744e-08
2024-05-11 15:28:00,4.305253908421747e-08,1.291576172526524e-08
2024-05-11 15:29:00,4.445379955317375e-08,1.3336139865952122e-08
2024-05-11 15:30:00,4.253740401375681e-08,1.2761221204127044e-08
2024-05-11 15:31:00,4.233650444936626e-08,1.270095133480988e-08
2024-05-11 15:32:00,4.2236984100910606e-08,1.2671095230273183e-08
2024-05-11 15:33:00,4.18341239583632e-08,1.2550237187508958e-08
2024-05-11 15:34:00,4.2355672488243125e-08,1.2706701746472936e-08
2024-05-11 15:35:00,4.1881783627452624e-08,1.2564535088235789e-08
2024-05-11 15:36:00,4.222979086656925e-08,1.2668937259970772e-08
2024-05-11 15:37:00,4.319788261122667e-08,1.2959364783368e-08
2024-05-11 15:38:00,4.140811048198807e-08,1.242243314459642e-08
2024-05-11 15:39:00,4.3044756932103445e-08,1.2913427079631035e-08
2024-05-11 15:40:00,4.320829958146419e-08,1.2962489874439257e-08
2024-05-11 15:41:00,4.2032159862999846e-08,1.2609647958899953e-08
2024-05-11 15:42:00,4.0760834773382966e-08,1.222825043201489e-08
2024-05-11 15:43:00,4.1692125551135636e-08,1.250763766534069e-08
2024-05-11 15:44:00,4.320573326677214e-08,1.2961719980031642e-08
2024-05-11 15:45:00,4.211897850940889e-08,1.2635693552822668e-08
2024-05-11 15:46:00,4.144436749132215e-08,1.2433310247396644e-08
2024-05-11 15:47:00,4.178014427131061e-08,1.2534043281393181e-08
2024-05-11 15:48:00,4.282115126483437e-08,1.284634537945031e-08
2024-05-11 15:49:00,4.258110523969928e-08,1.2774331571909782e-08
2024-05-11 15:50:00,4.19823985804183e-08,1.2594719574125489e-08
2024-05-11 15:51:00,4.189548485354029e-08,1.2568645456062088e-08
2024-05-11 15:52:00,4.188265933410056e-08,1.2564797800230167e-08
2024-05-11 15:53:00,4.152686524558132e-08,1.2458059573674395e-08
2024-05-11 15:54:00,4.3548896943351514e-08,1.3064669083005454e-08
2024-05-11 15:55:00,4.1947107257242704e-08,1.2584132177172812e-08
2024-05-11 15:56:00,4.318982653902132e-08,1.2956947961706398e-08
2024-05-11 15:57:00,4.3475289670493196e-08,1.3042586901147958e-08
2024-05-11 15:58:00,4.300672666120101e-08,1.2902017998360302e-08
2024-05-11 15:59:00,4.189106636136546e-08,1.2567319908409638e-08
2024-05-11 16:00:00,4.2522270857725205e-08,1.275668125731756e-08
2024-05-11 16:01:00,4.219768855259765e-08,1.2659306565779294e-08
2024-05-11 16:02:00,4.158773632169917e-08,1.2476320896509751e-08
2024-05-11 16:03:00,4.2476739861747984e-08,1.2743021958524394e-08
2024-05-11 16:04:00,4.1422924769114594e-08,1.2426877430734379e-08
2024-05-11 16:05:00,4.3214517749061426e-08,1.2964355324718427e-08
2024-05-11 16:06:00,4.19090409221039e-08,1.2572712276631167e-08
2024-05-11 16:07:00,4.240505624087312e-08,1.2721516872261935e-08
2024-05-11 16:08:00,4.2475274581698854e-08,1.2742582374509656e-08
2024-05-11 16:09:00,4.2074209787152906e-08,1.262226293614587e-08
2024-05-11 16:10:00,4.273115942109168e-08,1.2819347826327503e-08
2024-05-11 16:11:00,4.193403324142454e-08,1.2580209972427362e-08
2024-05-11 16:12:00,4.298263698248547e-08,1.2894791094745643e-08
2024-05-11 16:13:00,4.137724593577237e-08,1.241317378073171e-08
2024-05-11 16:14:00,4.239394457826663e-08,1.2718183373479988e-08
2024-05-11 16:15:00,4.39930035146237e-08,1.319790105438711e-08
2024-05-11 16:16:00,4.1615674153786914e-08,1.2484702246136075e-08
2024-05-11 16:17:00,4.183621028742542e-08,1.2550863086227628e-08
2024-05-11 16:18:00,4.272749140635327e-08,1.2818247421905981e-08
2024-05-11 16:19:00,4.247070679323417e-08,1.274121203797025e-08
2024-05-11 16:20:00,4.261166904346581e-08,1.2783500713039742e-08
2024-05-11 16:21:00,4.272990662903496e-08,1.2818971988710487e-08
2024-05-11 16:22:00,4.285631494046164e-08,1.285689448213849e-08
2024-05-11 16:23:00,4.32701768394801e-08,1.2981053051844029e-08
2024-05-11 16:24:00,4.268947599787109e-08,1.2806842799361327e-08
2024-05-11 16:25:00,4.220269662107395e-08,1.2660808986322187e-08
2024-05-11 16:26:00,4.29191884455475e-08,1.2875756533664248e-08
2024-05-11 16:27:00,4.404525208366558e-08,1.3213575625099673e-08
2024-05-11 16:28:00,4.230628529461077e-08,1.2691885588383231e-08
2024-05-11 16:29:00,4.173310264794076e-08,1.2519930794382228e-08
2024-05-11 16:30:00,4.3324726551253527e-08,1.2997417965376059e-08
2024-05-11 16:31:00,4.2340517790955214e-08,1.2702155337286564e-08
2024-05-11 16:32:00,4.104797128360235e-08,1.2314391385080705e-08
2024-05-11 16:33:00,4.312500028683943e-08,1.293750008605183e-08
2024-05-11 16:34:00,4.207025292692225e-08,1.2621075878076673e-08
2024-05-11 16:35:00,4.2397484603534296e-08,1.2719245381060289e-08
2024-05-11 16:36:00,4.272918154031655e-08,1.2818754462094965e-08
2024-05-11 16:37:00,2.507657844462866e-07,1.2788366738197567e-08
2024-05-11 16:38:00,6.668389902582266e-07,1.2916062033155453e-08
2024-05-11 16:39:00,1.2909487989761366e-06,1.2655554038857795e-08
2024-05-11 16:40:00,2.123095210600017e-06,1.75e-06
2024-05-11 16:41:00,3.163278225129867e-06,3.5e-06
2024-05-11 16:42:00,4.411497842565687e-06,5.25e-06
2024-05-11 16:43:00,5.867754062907478e-06,7e-06
2024-05-11 16:44:00,7.5320468861552375e-06,8.75e-06
2024-05-11 16:45:00,9.404376312308968e-06,1.05e-05
2024-05-11 16:46:00,1.1484742341368667e-05,9.834093956086158e-06
2024-05-11 16:47:00,1.3773144973334337e-05,9.200593462085257e-06
2024-05-11 16:48:00,3e-05,8.607949546381234e-06
2024-05-11 16:49:00,2.9054081994577042e-05,8.05352724686387e-06
2024-05-11 16:50:00,2.8102818807777538e-05,7.534861538073488e-06
2024-05-11 16:51:00,2.7182742168078087e-05,7.049646371474003e-06
2024-05-11 16:52:00,2.6292829661904152e-05,6.5957244225518065e-06
2024-05-11 16:53:00,2.5432092394384505e-05,6.1710774991551585e-06
2024-05-11 16:54:00,2.459957389047745e-05,5.7738175684286765e-06
2024-05-11 16:55:00,2.379434903212238e-05,5.402178362447895e-06
2024-05-11 16:56:00,2.301552303023563e-05,5.0545075252317445e-06
2024-05-11 16:57:00,2.2262230430408364e-05,4.729259266217875e-06
2024-05-11 16:58:00,2.153363415120152e-05,4.424987487537512e-06
2024-05-11 16:59:00,2.0828924553969216e-05,4.140339354533073e-06
2024-05-11 17:00:00,2.0147318543176973e-05,3.874049280932482e-06
2024-05-11 17:01:00,1.9488058696214996e-05,3.6249333019377407e-06
2024-05-11 17:02:00,1.8850412421739606e-05,3.3918838102099736e-06
2024-05-11 17:03:00,1.823367114560748e-05,3.1738646313466655e-06
2024-05-11 17:04:00,1.7637149523498167e-05,2.9699064169562266e-06
2024-05-11 17:05:00,1.7060184679349907e-05,2.7791023348470677e-06
2024-05-11 17:06:00,1.6502135468762468e-05,2.600604037169369e-06
2024-05-11 17:07:00,1.596238176654855e-05,2.4336178885835493e-06
2024-05-11 17:08:00,1.5440323777642017e-05,2.277401437685519e-06
2024-05-11 17:09:00,1.493538137059722e-05,2.1312601160003612e-06
2024-05-11 17:10:00,1.4446993432938832e-05,1.9945441498678535e-06
2024-05-11 17:11:00,1.397461724764584e-05,1.8666456714898148e-06
2024-05-11 17:12:00,1.3517727890076815e-05,1.7469960162947094e-06
2024-05-11 17:13:00,1.3075817644666301e-05,1.6350631946033616e-06
2024-05-11 17:14:00,1.2648395440744194e-05,1.5303495263545691e-06
2024-05-11 17:15:00,1.2234986306851167e-05,1.4323894283743915e-06
2024-05-11 17:16:00,1.1835130842943747e-05,1.3407473443511171e-06
2024-05-11 17:17:00,1.1448384709902569e-05,1.2550158083123824e-06
2024-05-11 17:18:00,1.1074318135776552e-05,1.1748136329944898e-06
2024-05-11 17:19:00,1.07125154382143e-05,1.0997842150492552e-06
2024-05-11 17:20:00,1.0362574562552087e-05,1.029593949553168e-06
2024-05-11 17:21:00,1.0024106635045091e-05,9.639307467696429e-07
2024-05-11 17:22:00,9.696735530745468e-06,9.0250264456974e-07
2024-05-11 17:23:00,9.380097455547066e-06,8.450365103420619e-07
2024-05-11 17:24:00,9.07384054193234e-06,7.912768266203885e-07
2024-05-11 17:25:00,8.777624457972257e-06,7.409845550298541e-07
2024-05-11 17:26:00,8.49112002914472e-06,6.939360735006537e-07
2024-05-11 17:27:00,8.214008872551243e-06,6.499221820240476e-07
2024-05-11 17:28:00,7.945983043125432e-06,6.087471725301548e-07
2024-05-11 17:29:00,7.686744691440158e-06,5.702279587521335e-07
2024-05-11 17:30:00,7.436005732733101e-06,5.341932622080432e-07
2024-05-11 17:31:00,7.193487526782961e-06,5.004828506811921e-07
2024-05-11 17:32:00,6.9589205682805674e-06,4.689468258131813e-07
2024-05-11 17:33:00,6.732044187350815e-06,4.394449566422213e-07
2024-05-11 17:34:00,6.512606259892689e-06,4.118460561235736e-07
2024-05-11 17:35:00,6.300362927415444e-06,3.860273978600667e-07
2024-05-11 17:36:00,6.095078326059654e-06,3.618741704494214e-07
2024-05-11 17:37:00,5.8965243245020245e-06,3.3927896702236026e-07
2024-05-11 17:38:00,5.704480270452685e-06,3.1814130770194525e-07
2024-05-11 17:39:00,5.518732745463303e-06,2.983671928609509e-07
2024-05-11 17:40:00,5.339075327773535e-06,2.7986868519101755e-07
2024-05-11 17:41:00,5.165308362932306e-06,2.6256351872542405e-07
2024-05-11 17:42:00,4.997238741939004e-06,2.4637473307716117e-07
2024-05-11 17:43:00,4.8346796866580885e-06,2.3123033126609338e-07
2024-05-11 17:44:00,4.677450542268624e-06,2.170629596138805e-07
2024-05-11 17:45:00,4.52537657651815e-06,2.038096082834383e-07
2024-05-11 17:46:00,4.378288785557769e-06,1.914113311315147e-07
2024-05-11 17:47:00,4.2360237061427394e-06,1.7981298362881573e-07
2024-05-11 17:48:00,4.098423233989844e-06,1.6896297768245463e-07
2024-05-11 17:49:00,3.965334448089729e-06,1.588130522706384e-07
2024-05-11 17:50:00,3.836609440778961e-06,1.4931805886981656e-07
2024-05-11 17:51:00,3.7121051533829914e-06,1.4043576072027894e-07
2024-05-11 17:52:00,3.5916832172473707e-06,1.3212664503772106e-07
2024-05-11 17:53:00,3.475209799980595e-06,1.243537473358507e-07
2024-05-11 17:54:00,3.3625554567377077e-06,1.1708248707896013e-07
2024-05-11 17:55:00,3.2535949863793995e-06,1.1028051393375896e-07
2024-05-11 17:56:00,3.148207292346777e-06,1.0391756393689022e-07
2024-05-11 17:57:00,3.0462752480971983e-06,9.796532493863611e-08
2024-05-11 17:58:00,2.947685566951648e-06,9.239731072456558e-08
2024-05-11 17:59:00,2.852328676209024e-06,8.718874325545592e-08
2024-05-11 18:00:00,2.7600985953874415e-06,8.231644250191727e-08
2024-05-11 18:01:00,2.67089281845727e-06,7.77587233839134e-08
2024-05-11 18:02:00,2.584612199935025e-06,7.349529935696431e-08
2024-05-11 18:03:00,2.501160844711554e-06,6.95071922163651e-08
2024-05-11 18:04:00,2.4204460014920694e-06,6.577664771840216e-08
2024-05-11 18:05:00,2.3423779597296473e-06,6.228705664341208e-08
2024-05-11 18:06:00,2.2668699499376447e-06,5.902288094972141e-08
2024-05-11 18:07:00,2.1938380472702523e-06,5.5969584690141856e-08
2024-05-11 18:08:00,2.1232010782640716e-06,5.3113569383868344e-08
2024-05-11 18:09:00,2.0548805306370525e-06,5.044211355643875e-08
2024-05-11 18:10:00,1.988800466044581e-06,4.7943316178943495e-08
2024-05-11 18:11:00,1.924887435695756e-06,4.5606043755011263e-08
2024-05-11 18:12:00,1.8630703987360996e-06,4.341988082031417e-08
2024-05-11 18:13:00,1.8032806433059963e-06,4.137508363450928e-08
2024-05-11 18:14:00,1.7454517101871492e-06,3.94625368597263e-08
2024-05-11 18:15:00,1.6895193189521951e-06,3.7673713032990214e-08
2024-05-11 18:16:00,1.63542129653543e-06,3.600063465238937e-08
2024-05-11 18:17:00,1.583097508145262e-06,3.443583870842096e-08
2024-05-11 18:18:00,1.5324897904416243e-06,3.297234350281698e-08
2024-05-11 18:19:00,1.4835418869040912e-06,3.160361760732388e-08
2024-05-11 18:20:00,1.4361993853188798e-06,3.032355082442422e-08
2024-05-11 18:21:00,1.3904096573152759e-06,2.9126427020888818e-08
2024-05-11 18:22:00,1.3461217998842818e-06,2.8006898713375067e-08
2024-05-11 18:23:00,1.3032865788145214e-06,2.6959963293076347e-08
2024-05-11 18:24:00,1.2618563739825292e-06,2.5980940783715713e-08
2024-05-11 18:25:00,1.221785126436642e-06,2.506545303399334e-08
2024-05-11 18:26:00,1.1830282872156833e-06,2.4209404251975915e-08
2024-05-11 18:27:00,1.1455427678455713e-06,2.3408962794881667e-08
2024-05-11 18:28:00,1.1092868924588424e-06,2.2660544133297205e-08
2024-05-11 18:29:00,1.0742203514838841e-06,2.1960794914083173e-08
2024-05-11 18:30:00,1.0403041568524119e-06,2.1306578051111266e-08
2024-05-11 18:31:00,1.007500598675422e-06,2.0694958777544304e-08
2024-05-11 18:32:00,9.757732033394755e-07,2.012319159764695e-08
2024-05-11 18:33:00,9.450866929767491e-07,1.958870808011336e-08
2024-05-11 18:34:00,9.154069462638138e-07,1.908910543863982e-08
2024-05-11 18:35:00,8.867009605055854e-07,1.8622135848970753e-08
2024-05-11 18:36:00,8.589368149623099e-07,1.8185696454920456e-08
2024-05-11 18:37:00,8.320836353788309e-07,1.7777820018936677e-08
2024-05-11 18:38:00,8.06111559676729e-07,1.7396666175637363e-08
2024-05-11 18:39:00,7.809917047712044e-07,1.7040513249433244e-08
2024-05-11 18:40:00,7.566961344758338e-07,1.6707750599856464e-08
2024-05-11 18:41:00,7.331978284595308e-07,1.6396871460562058e-08
2024-05-11 18:42:00,7.104706522212211e-07,1.6106466240163684e-08
2024-05-11 18:43:00,6.884893280488635e-07,1.5835216255118653e-08
2024-05-11 18:44:00,6.672294069305487e-07,1.5581887866798015e-08
2024-05-11 18:45:00,6.466672413864593e-07,1.3108682929154947e-08
2024-05-11 18:46:00,6.267799591915057e-07,1.3642877400043952e-08
2024-05-11 18:47:00,6.075454379594364e-07,1.3152825775618484e-08
2024-05-11 18:48:00,5.8894228056018e-07,1.3576719519483283e-08
2024-05-11 18:49:00,5.709497913431017e-07,1.3447575170565613e-08
2024-05-11 18:50:00,5.535479531397548e-07,1.3216136629242376e-08
2024-05-11 18:51:00,5.367174050205708e-07,1.3818826107419827e-08
2024-05-11 18:52:00,5.204394207807736e-07,1.3121701699532157e-08
2024-05-11 18:53:00,5.046958881316082e-07,1.3595828915365053e-08
2024-05-11 18:54:00,4.894692885737601e-07,1.3623498783904161e-08
2024-05-11 18:55:00,4.747426779306056e-07,1.3243584818376422e-08
2024-05-11 18:56:00,4.6049966751965576e-07,1.3742125322412254e-08
2024-05-11 18:57:00,4.4672440594127485e-07,1.3345072218604984e-08
2024-05-11 18:58:00,4.3340156146443494e-07,1.3473292826717333e-08
2024-05-11 18:59:00,4.20516304989934e-07,1.347328692337608e-08
2024-05-11 19:00:00,4.0805429357214647e-07,1.3390311848628237e-08
2024-05-11 19:01:00,3.960016544809954e-07,1.362091833362157e-08
2024-05-11 19:02:00,3.8434496978643297e-07,1.3623250061755026e-08
2024-05-11 19:03:00,3.730712614483046e-07,1.309435321190599e-08
2024-05-11 19:04:00,3.6216797689502354e-07,1.3771343944366921e-08
2024-05-11 19:05:00,3.516229750750334e-07,1.3122930731919934e-08
2024-05-11 19:06:00,3.414245129655578e-07,1.3712112344907908e-08
2024-05-11 19:07:00,3.315612325236449e-07,1.3743883870508594e-08
2024-05-11 19:08:00,3.2202214806501e-07,1.3248146569395081e-08
2024-05-11 19:09:00,3.12796634056645e-07,1.3391853444294411e-08
2024-05-11 19:10:00,3.0387441330963687e-07,1.325919064026504e-08
2024-05-11 19:11:00,2.952455455590699e-07,1.344782026575981e-08
2024-05-11 19:12:00,2.8690041641832356e-07,1.3434670578017675e-08
2024-05-11 19:13:00,2.788297266954913e-07,1.3695516656499977e-08
2024-05-11 19:14:00,2.71024482060049e-07,1.3842259508482281e-08
2024-05-11 19:15:00,2.634759830482892e-07,1.3872866676569279e-08
2024-05-11 19:16:00,2.561758153964186e-07,1.3409347713950152e-08
2024-05-11 19:17:00,2.491158406905704e-07,1.3491434003935046e-08
2024-05-11 19:18:00,2.4228818732334876e-07,1.3210199196075918e-08
2024-05-11 19:19:00,2.3568524174685167e-07,1.3381324885875016e-08
2024-05-11 19:20:00,2.2929964001245365e-07,1.3792910975252258e-08
2024-05-11 19:21:00,2.2312425958794735e-07,1.3977894896954347e-08
2024-05-11 19:22:00,2.1715221144295126e-07,1.3320287020452903e-08
2024-05-11 19:23:00,2.1137683239378858e-07,1.3453555998542415e-08
2024-05-11 19:24:00,2.0579167769932984e-07,1.3582493978446688e-08
2024-05-11 19:25:00,2.0039051389957373e-07,1.3660144360620973e-08
2024-05-11 19:26:00,1.951673118890063e-07,1.3431598209909306e-08
2024-05-11 19:27:00,1.9011624021704264e-07,1.3709040610532747e-08
2024-05-11 19:28:00,1.852316586081059e-07,1.3515034430349258e-08
2024-05-11 19:29:00,1.8050811169414363e-07,1.36221465721977e-08
2024-05-11 19:30:00,1.7594032295261587e-07,1.3760958722517916e-08
2024-05-11 19:31:00,1.7152318884322078e-07,1.3641814098489404e-08
2024-05-11 19:32:00,1.6725177313683933e-07,1.355285249926337e-08
2024-05-11 19:33:00,1.631213014304008e-07,1.36309869119562e-08
2024-05-11 19:34:00,1.5912715584157162e-07,1.3643276058197905e-08
2024-05-11 19:35:00,1.552648698773727e-07,1.3589647608781525e-08
2024-05-11 19:36:00,1.5153012347102378e-07,1.3621150204912192e-08
2024-05-11 19:37:00,1.4791873818149888e-07,1.4092408352202453e-08
2024-05-11 19:38:00,1.4442667255045953e-07,1.3825274097268083e-08
2024-05-11 19:39:00,1.4105001761140476e-07,1.3636284899581425e-08
2024-05-11 19:40:00,1.3778499254604938e-07,1.3874357769646414e-08
2024-05-11 19:41:00,1.3462794048310278e-07,1.3643555720809492e-08
2024-05-11 19:42:00,1.3157532443477984e-07,1.4013205718135034e-08
2024-05-11 19:43:00,1.2862372336652887e-07,1.3817938183290469e-08
2024-05-11 19:44:00,1.2576982839560923e-07,1.3716311285802633e-08
2024-05-11 19:45:00,1.230104391142938e-07,1.3852324285943961e-08
2024-05-11 19:46:00,1.2034246003361197e-07,1.3441129528319906e-08
2024-05-11 19:47:00,1.1776289714367933e-07,1.353068547684115e-08
2024-05-11 19:48:00,1.1526885458679408e-07,1.3525934332274067e-08
2024-05-11 19:49:00,1.1285753143960153e-07,1.3812367778726388e-08
2024-05-11 19:50:00,1.1052621860075215e-07,1.4233012148574092e-08
2024-05-11 19:51:00,1.0827229578059376e-07,1.4392150422404906e-08
2024-05-11 19:52:00,1.0609322858955356e-07,1.395458463231614e-08
2024-05-11 19:53:00,1.0398656572197428e-07,1.3929034998548783e-08
2024-05-11 19:54:00,1.0194993623227458e-07,1.3464992722111121e-08
2024-05-11 19:55:00,9.998104690040797e-08,1.3710968046119851e-08
2024-05-11 19:56:00,9.807767968369176e-08,1.3669205811136122e-08
2024-05-11 19:57:00,9.623768925217521e-08,1.3711180270529003e-08
2024-05-11 19:58:00,9.445900060480742e-08,1.3815409020580276e-08
2024-05-11 19:59:00,9.273960676375669e-08,1.375845183697003e-08
2024-05-11 20:00:00,9.107756654431889e-08,1.3483937590555014e-08
2024-05-11 20:01:00,8.947100239793695e-08,1.4055618489588204e-08
2024-05-11 20:02:00,8.791809832593402e-08,1.3662894761627339e-08
2024-05-11 20:03:00,8.641709786164305e-08,1.394898473424083e-08
2024-05-11 20:04:00,8.496630211868949e-08,1.4449949242835767e-08
2024-05-11 20:05:00,8.356406790325907e-08,1.3717688233085834e-08
2024-05-11 20:06:00,8.220880588825238e-08,1.3445590304709197e-08
2024-05-11 20:07:00,8.0898978847298e-08,1.3864774706673347e-08
2024-05-11 20:08:00,7.963309994666124e-08,1.4205570120391643e-08
2024-05-11 20:09:00,7.840973109315057e-08,1.4456889215365501e-08
2024-05-11 20:10:00,7.722748133618632e-08,1.3700588285953688e-08
2024-05-11 20:11:00,7.608500532225535e-08,1.4077787357593362e-08
2024-05-11 20:12:00,7.498100180003485e-08,1.3869199485594283e-08
2024-05-11 20:13:00,7.391421217452374e-08,1.3955262398133777e-08
2024-05-11 20:14:00,7.288341910857524e-08,1.4717782377310198e-08
2024-05-11 20:15:00,7.188744517027641e-08,1.3693405469190635e-08
2024-05-11 20:16:00,7.092515152467215e-08,1.4063020639145669e-08
2024-05-11 20:17:00,6.999543666837882e-08,1.4122528227276159e-08
2024-05-11 20:18:00,6.909723520568258e-08,1.4287554777874299e-08
2024-05-11 20:19:00,6.822951666476171e-08,1.4053181747979101e-08
2024-05-11 20:20:00,6.73912843527176e-08,1.4110675450399353e-08
2024-05-11 20:21:00,6.658157424814228e-08,1.3962945517994924e-08
2024-05-11 20:22:00,6.579945392999161e-08,1.4119135702348441e-08
2024-05-11 20:23:00,6.504402154157444e-08,1.3990919310722143e-08
2024-05-11 20:24:00,6.431440478850558e-08,1.4221629954844412e-08
2024-05-11 20:25:00,6.360975996951019e-08,1.4003040641530288e-08
2024-05-11 20:26:00,6.29292710390017e-08,1.4180148350427793e-08
2024-05-11 20:27:00,6.227214870039225e-08,1.4095225929443825e-08
2024-05-11 20:28:00,6.16376295291275e-08,1.4386777026053294e-08
2024-05-11 20:29:00,6.102497512447204e-08,1.4108232221723823e-08
2024-05-11 20:30:00,6.043347128910215e-08,1.3778477112817919e-08
2024-05-11 20:31:00,5.986242723559477e-08,1.445039034801928e-08
2024-05-11 20:32:00,5.9311174818930714e-08,1.3956318858082206e-08
2024-05-11 20:33:00,5.8779067794159216e-08,1.401584603406289e-08
2024-05-11 20:34:00,5.8265481098399126e-08,1.4036864615925083e-08
2024-05-11 20:35:00,5.776981015637877e-08,1.4517649686316941e-08
2024-05-11 20:36:00,5.729147020874274e-08,1.3772219323056258e-08
2024-05-11 20:37:00,5.6829895662379304e-08,1.5094147825943475e-08
2024-05-11 20:38:00,5.638453946204665e-08,1.4459246642021963e-08
2024-05-11 20:39:00,5.595487248259933e-08,1.4262096296482962e-08
2024-05-11 20:40:00,5.554038294113994e-08,1.420797876500839e-08
2024-05-11 20:41:00,5.514057582844254e-08,1.4295211346920122e-08
2024-05-11 20:42:00,5.475497235901627e-08,1.4360833941497334e-08
2024-05-11 20:43:00,5.438310943919771e-08,1.4400643264064165e-08
2024-05-11 20:44:00,5.402453915268132e-08,1.4387940367720627e-08
2024-05-11 20:45:00,5.367882826291593e-08,1.428724829339124e-08
2024-05-11 20:46:00,5.334555773181466e-08,1.4232614799134713e-08
2024-05-11 20:47:00,5.30243222542431e-08,1.4252144898217496e-08
2024-05-11 20:48:00,5.2714729807768876e-08,1.4252035794436366e-08
2024-05-11 20:49:00,5.2416401217171886e-08,1.4582810434627474e-08
2024-05-11 20:50:00,5.2128969733231606e-08,1.4453918161781627e-08
2024-05-11 20:51:00,5.185208062532326e-08,1.3788804746327005e-08
2024-05-11 20:52:00,5.1585390787370025e-08,1.4488407217009091e-08
2024-05-11 20:53:00,5.132856835671382e-08,1.4387365509290352e-08
2024-05-11 20:54:00,5.108129234548056e-08,1.4348302004719682e-08
2024-05-11 20:55:00,5.0843252284030895e-08,1.4277213292991669e-08
2024-05-11 20:56:00,5.0614147876099614e-08,1.464728126254744e-08
2024-05-11 20:57:00,5.0393688665241175e-08,1.4610543113322287e-08
2024-05-11 20:58:00,5.018159371220989e-08,1.4226956959694111e-08
2024-05-11 20:59:00,4.997759128291717e-08,1.449531493190908e-08
2024-05-11 21:00:00,4.978141854661833e-08,1.4207182232444176e-08
2024-05-11 21:01:00,4.9592821283994105e-08,1.4139988043311308e-08
2024-05-11 21:02:00,4.941155360480212e-08,1.4295595297617547e-08
2024-05-11 21:03:00,4.923737767478483e-08,1.4647145959309946e-08
2024-05-11 21:04:00,4.907006345153041e-08,1.4680378727484287e-08
2024-05-11 21:05:00,4.890938842899292e-08,1.4579704675161497e-08
2024-05-11 21:06:00,4.880646164732408e-08,1.4641938494197222e-08
2024-05-11 21:07:00,4.866751491046127e-08,1.4600254473138382e-08
2024-05-11 21:08:00,4.8465081417963114e-08,1.4351827334906244e-08
2024-05-11 21:09:00,4.8665972144643943e-08,1.4599791643393182e-08
2024-05-11 21:10:00,4.9002406914290554e-08,1.4700722074287165e-08
2024-05-11 21:11:00,4.899688863335227e-08,1.4699066590005682e-08
2024-05-11 21:12:00,4.940749052197911e-08,1.4822247156593732e-08
2024-05-11 21:13:00,4.902532834915022e-08,1.4707598504745065e-08
2024-05-11 21:14:00,4.876909199341992e-08,1.4630727598025976e-08
2024-05-11 21:15:00,4.940271352167449e-08,1.4820814056502348e-08
2024-05-11 21:16:00,4.854597603776995e-08,1.4563792811330984e-08
2024-05-11 21:17:00,4.798011256594792e-08,1.4394033769784377e-08
2024-05-11 21:18:00,4.851271182014631e-08,1.4553813546043893e-08
2024-05-11 21:19:00,4.813889826125396e-08,1.4441669478376189e-08
2024-05-11 21:20:00,4.8219950609654215e-08,1.4465985182896266e-08
2024-05-11 21:21:00,4.8628431853915995e-08,1.45885295561748e-08
2024-05-11 21:22:00,4.820949637509771e-08,1.4462848912529313e-08
2024-05-11 21:23:00,4.8578402249924684e-08,1.4573520674977406e-08
2024-05-11 21:24:00,4.760214084185401e-08,1.4280642252556205e-08
2024-05-11 21:25:00,4.9035445655802555e-08,1.4710633696740767e-08
2024-05-11 21:26:00,4.890829096652751e-08,1.4672487289958253e-08
2024-05-11 21:27:00,4.836520972981948e-08,1.4509562918945844e-08
2024-05-11 21:28:00,4.949631577805074e-08,1.4848894733415222e-08
2024-05-11 21:29:00,4.9766357950342156e-08,1.4929907385102645e-08
2024-05-11 21:30:00,4.797481319090644e-08,1.4392443957271931e-08
2024-05-11 21:31:00,4.8540471787628394e-08,1.4562141536288516e-08
2024-05-11 21:32:00,4.857112923699871e-08,1.4571338771099614e-08
2024-05-11 21:33:00,4.849348564788729e-08,1.4548045694366186e-08
2024-05-11 21:34:00,4.984853702849785e-08,1.4954561108549353e-08
2024-05-11 21:35:00,4.9077967471663246e-08,1.4723390241498974e-08
2024-05-11 21:36:00,4.9061987376658735e-08,1.471859621299762e-08
2024-05-11 21:37:00,4.7993754073527794e-08,1.439812622205834e-08
2024-05-11 21:38:00,4.982721486040174e-08,1.4948164458120524e-08
2024-05-11 21:39:00,4.851449690597633e-08,1.4554349071792898e-08
2024-05-11 21:40:00,4.944335867556382e-08,1.4833007602669147e-08
2024-05-11 21:41:00,4.964624025825206e-08,1.4893872077475617e-08
2024-05-11 21:42:00,5.0601601235199484e-08,1.5180480370559843e-08
2024-05-11 21:43:00,4.861399667486463e-08,1.458419900245939e-08
2024-05-11 21:44:00,4.771991735832402e-08,1.4315975207497205e-08
2024-05-11 21:45:00,4.971680358240829e-08,1.4915041074722485e-08
2024-05-11 21:46:00,5.116329776793908e-08,1.5348989330381724e-08
2024-05-11 21:47:00,5.067018071028877e-08,1.520105421308663e-08
2024-05-11 21:48:00,4.984488414459625e-08,1.4953465243378874e-08
2024-05-11 21:49:00,4.9365873071588455e-08,1.4809761921476537e-08
2024-05-11 21:50:00,5.040110596397338e-08,1.5120331789192014e-08
2024-05-11 21:51:00,4.9114580476751514e-08,1.4734374143025452e-08
2024-05-11 21:52:00,5.020067750365833e-08,1.50602032510975e-08
2024-05-11 21:53:00,5.026065699526362e-08,1.5078197098579082e-08
2024-05-11 21:54:00,5.0765234103056355e-08,1.5229570230916904e-08
2024-05-11 21:55:00,5.250387789493002e-08,1.5751163368479008e-08
2024-05-11 21:56:00,5.027981304689303e-08,1.508394391406791e-08
2024-05-11 21:57:00,4.964591022360432e-08,1.4893773067081297e-08
2024-05-11 21:58:00,5.003111058833408e-08,1.500933317650022e-08
2024-05-11 21:59:00,4.892179721568576e-08,1.4676539164705729e-08
2024-05-11 22:00:00,4.962931608887479e-08,1.4888794826662434e-08
2024-05-11 22:01:00,4.986343112004965e-08,1.4959029336014894e-08
2024-05-11 22:02:00,4.982025456349441e-08,1.4946076369048322e-08
2024-05-11 22:03:00,5.035102623178749e-08,1.5105307869536247e-08
2024-05-11 22:04:00,4.9692403670953034e-08,1.490772110128591e-08
2024-05-11 22:05:00,5.122560180203426e-08,1.5367680540610278e-08
2024-05-11 22:06:00,5.0347542424103694e-08,1.5104262727231107e-08
2024-05-11 22:07:00,5.0377867951511394e-08,1.5113360385453417e-08
2024-05-11 22:08:00,5.018238642213238e-08,1.505471592663971e-08
2024-05-11 22:09:00,5.0577703316972745e-08,1.5173310995091824e-08
2024-05-11 22:10:00,5.115634797742053e-08,1.534690439322616e-08
2024-05-11 22:11:00,4.992549455185699e-08,1.4977648365557097e-08
2024-05-11 22:12:00,5.0103105824233413e-08,1.5030931747270024e-08
2024-05-11 22:13:00,5.0388286316170525e-08,1.5116485894851157e-08
2024-05-11 22:14:00,4.973485606351719e-08,1.4920456819055155e-08
2024-05-11 22:15:00,5.010869503116198e-08,1.5032608509348592e-08
2024-05-11 22:16:00,5.038023445696576e-08,1.5114070337089726e-08
2024-05-11 22:17:00,5.146380707830084e-08,1.5439142123490253e-08
2024-05-11 22:18:00,5.100210526733283e-08,1.5300631580199848e-08
2024-05-11 22:19:00,5.098683172570534e-08,1.52960495177116e-08
2024-05-11 22:20:00,5.155852136260261e-08,1.546755640878078e-08
2024-05-11 22:21:00,5.081424404331051e-08,1.5244273212993153e-08
2024-05-11 22:22:00,5.1256265204647184e-08,1.5376879561394155e-08
2024-05-11 22:23:00,5.0916367567928125e-08,1.5274910270378436e-08
2024-05-11 22:24:00,5.123480527647194e-08,1.537044158294158e-08
2024-05-11 22:25:00,5.0651905169715825e-08,1.5195571550914747e-08
2024-05-11 22:26:00,4.957725599899595e-08,1.4873176799698784e-08
2024-05-11 22:27:00,5.104819977433506e-08,1.531445993230052e-08
2024-05-11 22:28:00,5.2376214754403344e-08,1.5712864426321003e-08
2024-05-11 22:29:00,5.197087482015416e-08,1.5591262446046248e-08
2024-05-11 22:30:00,5.2043706886630525e-08,1.5613112065989155e-08
2024-05-11 22:31:00,5.232225587288671e-08,1.5696676761866012e-08
2024-05-11 22:32:00,5.140966846853064e-08,1.542290054055919e-08
2024-05-11 22:33:00,5.1532084979806574e-08,1.5459625493941973e-08
2024-05-11 22:34:00,5.097867672705223e-08,1.529360301811567e-08
2024-05-11 22:35:00,5.1228861536037125e-08,1.5368658460811136e-08
2024-05-11 22:36:00,5.198355580309955e-08,1.5595066740929864e-08
2024-05-11 22:37:00,5.252870670832574e-08,1.575861201249772e-08
2024-05-11 22:38:00,5.1475098370173106e-08,1.5442529511051932e-08
2024-05-11 22:39:00,5.129163009476022e-08,1.5387489028428065e-08
2024-05-11 22:40:00,5.165810865626961e-08,1.5497432596880883e-08
2024-05-11 22:41:00,5.216922392928157e-08,1.565076717878447e-08
2024-05-11 22:42:00,5.076342001039677e-08,1.5229026003119032e-08
2024-05-11 22:43:00,5.031997384473157e-08,1.509599215341947e-08
2024-05-11 22:44:00,5.142036029452413e-08,1.542610808835724e-08
2024-05-11 22:45:00,5.101996057168201e-08,1.5305988171504602e-08
2024-05-11 22:46:00,5.152957225624679e-08,1.5458871676874035e-08
2024-05-11 22:47:00,5.182690971692659e-08,1.5548072915077977e-08
2024-05-11 22:48:00,5.164795683810402e-08,1.5494387051431206e-08
2024-05-11 22:49:00,5.3233851279386665e-08,1.5970155383816e-08
2024-05-11 22:50:00,5.230807390170414e-08,1.569242217051124e-08
2024-05-11 22:51:00,5.2327667837851004e-08,1.56983003513553e-08
2024-05-11 22:52:00,5.26265860729541e-08,1.578797582188623e-08
2024-05-11 22:53:00,5.139266799000634e-08,1.54178003970019e-08
2024-05-11 22:54:00,5.30615947183808e-08,1.5918478415514237e-08
2024-05-11 22:55:00,5.220221807184767e-08,1.56606654215543e-08
2024-05-11 22:56:00,5.28282710228485e-08,1.584848130685455e-08
2024-05-11 22:57:00,5.159724875099231e-08,1.5479174625297693e-08
2024-05-11 22:58:00,5.134100933906168e-08,1.5402302801718506e-08
2024-05-11 22:59:00,5.307383156080124e-08,1.5922149468240372e-08
2024-05-11 23:00:00,5.2752389204131926e-08,1.5825716761239575e-08
2024-05-11 23:01:00,5.18700126800737e-08,1.5561003804022107e-08
2024-05-11 23:02:00,5.193215431002095e-08,1.5579646293006283e-08
2024-05-11 23:03:00,5.3504085083782766e-08,1.605122552513483e-08
2024-05-11 23:04:00,5.1808551017536146e-08,1.5542565305260843e-08
2024-05-11 23:05:00,5.4063662307049925e-08,1.6219098692114975e-08
2024-05-11 23:06:00,5.2075865923020414e-08,1.5622759776906123e-08
2024-05-11 23:07:00,5.325130840418401e-08,1.5975392521255203e-08
2024-05-11 23:08:00,5.2549554010910004e-08,1.5764866203273e-08
2024-05-11 23:09:00,5.33047851252764e-08,1.5991435537582917e-08
2024-05-11 23:10:00,5.2480730221216463e-08,1.5744219066364938e-08
2024-05-11 23:11:00,5.279335253031851e-08,1.5838005759095553e-08
2024-05-11 23:12:00,5.298616758980106e-08,1.5895850276940318e-08
2024-05-11 23:13:00,5.2298979901943566e-08,1.568969397058307e-08
2024-05-11 23:14:00,5.3626037780683e-08,1.6087811334204897e-08
2024-05-11 23:15:00,5.270947750729386e-08,1.581284325218816e-08
2024-05-11 23:16:00,5.29530259573072e-08,1.588590778719216e-08
2024-05-11 23:17:00,5.2470435049996936e-08,1.574113051499908e-08
2024-05-11 23:18:00,5.160943879592786e-08,1.548283163877836e-08
2024-05-11 23:19:00,5.31055146700403e-08,1.593165440101209e-08
2024-05-11 23:20:00,5.546880325994719e-08,1.6640640977984156e-08
2024-05-11 23:21:00,5.395494213301399e-08,1.6186482639904194e-08
2024-05-11 23:22:00,5.335796761092723e-08,1.600739028327817e-08
2024-05-11 23:23:00,5.322104102152443e-08,1.596631230645733e-08
2024-05-11 23:24:00,5.347327987173702e-08,1.6041983961521104e-08
2024-05-11 23:25:00,5.392612859552372e-08,1.6177838578657115e-08
2024-05-11 23:26:00,5.2728997666737125e-08,1.5818699300021135e-08
2024-05-11 23:27:00,5.449243383080057e-08,1.634773014924017e-08
2024-05-11 23:28:00,5.419139291044602e-08,1.6257417873133806e-08
2024-05-11 23:29:00,5.423600863279949e-08,1.6270802589839847e-08
2024-05-11 23:30:00,5.4049519678010924e-08,1.6214855903403278e-08
2024-05-11 23:31:00,5.376671044873552e-08,1.6130013134620654e-08
2024-05-11 23:32:00,5.432538424237277e-08,1.629761527271183e-08
2024-05-11 23:33:00,5.430101411445513e-08,1.629030423433654e-08
2024-05-11 23:34:00,5.362076320201792e-08,1.6086228960605377e-08
2024-05-11 23:35:00,5.350970918061485e-08,1.6052912754184455e-08
2024-05-11 23:36:00,5.404150412409481e-08,1.6212451237228443e-08
2024-05-11 23:37:00,5.531499875857594e-08,1.6594499627572782e-08
2024-05-11 23:38:00,5.32017915735498e-08,1.596053747206494e-08
2024-05-11 23:39:00,5.3104683768839656e-08,1.5931405130651896e-08
2024-05-11 23:40:00,5.426050063456871e-08,1.6278150190370612e-08
2024-05-11 23:41:00,5.421653058008891e-08,1.6264959174026672e-08
2024-05-11 23:42:00,5.435280255155025e-08,1.6305840765465073e-08
2024-05-11 23:43:00,5.4450361666559456e-08,1.6335108499967836e-08
2024-05-11 23:44:00,5.4142337724212264e-08,1.6242701317263677e-08
2024-05-11 23:45:00,5.5602071672531094e-08,1.668062150175933e-08
2024-05-11 23:46:00,5.332562398209268e-08,1.5997687194627804e-08
2024-05-11 23:47:00,5.385179373339035e-08,1.6155538120017105e-08
2024-05-11 23:48:00,5.4402394011509616e-08,1.6320718203452884e-08
2024-05-11 23:49:00,5.343015340727584e-08,1.6029046022182753e-08
2024-05-11 23:50:00,5.443546053740605e-08,1.6330638161221812e-08
2024-05-11 23:51:00,5.602400822464681e-08,1.6807202467394042e-08
2024-05-11 23:52:00,5.466787050500541e-08,1.6400361151501624e-08
2024-05-11 23:53:00,5.487157365461117e-08,1.6461472096383352e-08
2024-05-11 23:54:00,5.38777282705083e-08,1.616331848115249e-08
2024-05-11 23:55:00,5.434077155113953e-08,1.630223146534186e-08
2024-05-11 23:56:00,5.455214993870794e-08,1.6365644981612382e-08
2024-05-11 23:57:00,5.463657574023499e-08,1.63909727220705e-08
2024-05-11 23:58:00,5.5972656711345254e-08,1.6791797013403576e-08
2024-05-11 23:59:00,5.539264720659536e-08,1.6617794161978608e-08
2024-05-12 00:00:00,5.4232188431191346e-08,1.6269656529357402e-08
2024-05-12 00:01:00,5.523199132684183e-08,1.656959739805255e-08
2024-05-12 00:02:00,5.5475325552442465e-08,1.664259766573274e-08
2024-05-12 00:03:00,5.606365589625669e-08,1.6819096768877006e-08
2024-05-12 00:04:00,5.651255352142854e-08,1.695376605642856e-08
2024-05-12 00:05:00,5.451244222477682e-08,1.6353732667433044e-08
2024-05-12 00:06:00,5.468985836395819e-08,1.640695750918746e-08
2024-05-12 00:07:00,5.444678274568287e-08,1.633403482370486e-08
2024-05-12 00:08:00,5.5177785357181665e-08,1.65533356071545e-08
2024-05-12 00:09:00,5.5756492969405946e-08,1.6726947890821782e-08
2024-05-12 00:10:00,5.6236324947301464e-08,1.687089748419044e-08
2024-05-12 00:11:00,5.5425553899342826e-08,1.6627666169802846e-08
2024-05-12 00:12:00,5.529202041777807e-08,1.658760612533342e-08
2024-05-12 00:13:00,5.568544885172696e-08,1.670563465551809e-08
2024-05-12 00:14:00,5.5025728104678494e-08,1.650771843140355e-08
2024-05-12 00:15:00,5.749914449724297e-08,1.724974334917289e-08
2024-05-12 00:16:00,5.463139490054904e-08,1.638941847016471e-08
2024-05-12 00:17:00,5.5887480646811376e-08,1.676624419404341e-08
2024-05-12 00:18:00,5.756446978940364e-08,1.726934093682109e-08
2024-05-12 00:19:00,5.584061590031164e-08,1.6752184770093493e-08
2024-05-12 00:20:00,5.573930672179597e-08,1.672179201653879e-08
2024-05-12 00:21:00,5.5663141197090904e-08,1.669894235912727e-08
2024-05-12 00:22:00,5.583505752092878e-08,1.6750517256278633e-08
2024-05-12 00:23:00,5.715625897034469e-08,1.7146877691103405e-08
2024-05-12 00:24:00,5.464560079903568e-08,1.6393680239710703e-08
2024-05-12 00:25:00,5.7394929286770766e-08,1.721847878603123e-08
2024-05-12 00:26:00,5.5184708871209663e-08,1.6555412661362896e-08
2024-05-12 00:27:00,5.5994803893135613e-08,1.6798441167940684e-08
2024-05-12 00:28:00,5.592360719796505e-08,1.6777082159389513e-08
2024-05-12 00:29:00,5.6741458370314816e-08,1.7022437511094445e-08
2024-05-12 00:30:00,5.525882339701084e-08,1.657764701910325e-08
2024-05-12 00:31:00,5.672813695479894e-08,1.701844108643968e-08
2024-05-12 00:32:00,5.8187819023798764e-08,1.7456345707139628e-08
2024-05-12 00:33:00,5.5533926353320275e-08,1.6660177905996084e-08
2024-05-12 00:34:00,5.664759097352812e-08,1.6994277292058435e-08
2024-05-12 00:35:00,5.607537323607783e-08,1.682261197082335e-08
2024-05-12 00:36:00,5.692260869527717e-08,1.7076782608583152e-08
2024-05-12 00:37:00,5.665194043941287e-08,1.699558213182386e-08
2024-05-12 00:38:00,5.622367990911669e-08,1.6867103972735004e-08
2024-05-12 00:39:00,5.710683654309604e-08,1.7132050962928813e-08
2024-05-12 00:40:00,5.832616891441164e-08,1.7497850674323493e-08
2024-05-12 00:41:00,5.6675812005940325e-08,1.70027436017821e-08
2024-05-12 00:42:00,5.7431904945929e-08,1.72295714837787e-08
2024-05-12 00:43:00,5.602512732047388e-08,1.6807538196142164e-08
2024-05-12 00:44:00,5.6283508649253624e-08,1.688505259477609e-08
2024-05-12 00:45:00,5.7363891346623476e-08,1.7209167403987043e-08
2024-05-12 00:46:00,5.828844235823166e-08,1.74865327074695e-08
2024-05-12 00:47:00,5.736070113023764e-08,1.720821033907129e-08
2024-05-12 00:48:00,5.6902424004438934e-08,1.7070727201331678e-08
2024-05-12 00:49:00,5.717631961740319e-08,1.7152895885220956e-08
2024-05-12 00:50:00,5.636682425425372e-08,1.6910047276276113e-08
2024-05-12 00:51:00,5.774161112126679e-08,1.7322483336380037e-08
2024-05-12 00:52:00,5.801969186729268e-08,1.7405907560187805e-08
2024-05-12 00:53:00,5.702946573272005e-08,1.7108839719816013e-08
2024-05-12 00:54:00,5.706205918532659e-08,1.7118617755597974e-08
2024-05-12 00:55:00,5.765106414206107e-08,1.729531924261832e-08
2024-05-12 00:56:00,5.717577711655498e-08,1.7152733134966494e-08
2024-05-12 00:57:00,5.748867567905375e-08,1.7246602703716125e-08
2024-05-12 00:58:00,5.943426827365776e-08,1.7830280482097327e-08
2024-05-12 00:59:00,5.744662300737074e-08,1.7233986902211224e-08
2024-05-12 01:00:00,5.7412102225670036e-08,1.7223630667701008e-08
2024-05-12 01:01:00,5.725622246120817e-08,1.717686673836245e-08
2024-05-12 01:02:00,5.8354818017609666e-08,1.75064454052829e-08
2024-05-12 01:03:00,5.767554803746372e-08,1.7302664411239116e-08
2024-05-12 01:04:00,5.7390894244836726e-08,1.721726827345102e-08
2024-05-12 01:05:00,5.8996294834796956e-08,1.7698888450439084e-08
2024-05-12 01:06:00,5.9132193633777006e-08,1.77396580901331e-08
2024-05-12 01:07:00,5.756036582346542e-08,1.7268109747039624e-08
2024-05-12 01:08:00,5.681536497235308e-08,1.7044609491705924e-08
2024-05-12 01:09:00,5.8897483177830716e-08,1.7669244953349213e-08
2024-05-12 01:10:00,5.763917276373289e-08,1.7291751829119868e-08
2024-05-12 01:11:00,5.880213226702025e-08,1.7640639680106076e-08
2024-05-12 01:12:00,5.693872996123278e-08,1.7081618988369832e-08
2024-05-12 01:13:00,5.897975568882007e-08,1.769392670664602e-08
2024-05-12 01:14:00,5.747822307664584e-08,1.7243466922993754e-08
2024-05-12 01:15:00,5.893355662102173e-08,1.7680066986306516e-08
2024-05-12 01:16:00,5.841049448355725e-08,1.7523148345067172e-08
2024-05-12 01:17:00,5.777862496135954e-08,1.7333587488407862e-08
2024-05-12 01:18:00,5.81945829097686e-08,1.745837487293058e-08
2024-05-12 01:19:00,5.9078382161790576e-08,1.7723514648537173e-08
2024-05-12 01:20:00,5.866176432491752e-08,1.7598529297475254e-08
2024-05-12 01:21:00,5.90853065709484e-08,1.772559197128452e-08
2024-05-12 01:22:00,6.039820498428298e-08,1.8119461495284897e-08
2024-05-12 01:23:00,5.7672527925928436e-08,1.730175837777853e-08
2024-05-12 01:24:00,6.013643482592265e-08,1.8040930447776798e-08
2024-05-12 01:25:00,5.888816626426595e-08,1.7666449879279784e-08
2024-05-12 01:26:00,5.82241918160385e-08,1.746725754481155e-08
2024-05-12 01:27:00,5.7995860330674106e-08,1.739875809920223e-08
2024-05-12 01:28:00,5.880604531124458e-08,1.7641813593373377e-08
2024-05-12 01:29:00,5.97327357744459e-08,1.7919820732333767e-08
2024-05-12 01:30:00,5.8942232439322857e-08,1.7682669731796855e-08
2024-05-12 01:31:00,6.035463523001225e-08,1.8106390569003675e-08
2024-05-12 01:32:00,5.815001755912324e-08,1.7445005267736973e-08
2024-05-12 01:33:00,5.916458556631447e-08,1.774937566989434e-08
2024-05-12 01:34:00,5.8362858485581515e-08,1.7508857545674456e-08
2024-05-12 01:35:00,5.9545057499794944e-08,1.7863517249938484e-08
2024-05-12 01:36:00,6.002175626398443e-08,1.8006526879195326e-08
2024-05-12 01:37:00,5.905005685232781e-08,1.771501705569834e-08
2024-05-12 01:38:00,5.77845796999873e-08,1.7335373909996188e-08
2024-05-12 01:39:00,5.959845205440957e-08,1.787953561632287e-08
2024-05-12 01:40:00,5.98310701693311e-08,1.7949321050799326e-08
2024-05-12 01:41:00,5.985070809484877e-08,1.7955212428454632e-08
2024-05-12 01:42:00,6.060195955825204e-08,1.8180587867475614e-08
2024-05-12 01:43:00,5.888712371783349e-08,1.7666137115350043e-08
2024-05-12 01:44:00,6.02118520754944e-08,1.806355562264832e-08
2024-05-12 01:45:00,6.069966241931434e-08,1.8209898725794305e-08
2024-05-12 01:46:00,5.859501628692127e-08,1.757850488607638e-08
2024-05-12 01:47:00,6.005695507564771e-08,1.8017086522694313e-08
2024-05-12 01:48:00,5.9492716968300045e-08,1.784781509049001e-08
2024-05-12 01:49:00,5.984166326984938e-08,1.7952498980954813e-08
2024-05-12 01:50:00,6.021562978930774e-08,1.806468893679232e-08
2024-05-12 01:51:00,5.964107974082676e-08,1.7892323922248026e-08
2024-05-12 01:52:00,5.955703029037875e-08,1.7867109087113625e-08
2024-05-12 01:53:00,6.011015520369891e-08,1.8033046561109672e-08
2024-05-12 01:54:00,5.937755482819753e-08,1.781326644845926e-08
2024-05-12 01:55:00,5.942394495783019e-08,1.7827183487349055e-08
2024-05-12 01:56:00,6.075732591623214e-08,1.822719777486964e-08
2024-05-12 01:57:00,5.9474949047380404e-08,1.7842484714214122e-08
2024-05-12 01:58:00,6.083741529444521e-08,1.8251224588333565e-08
2024-05-12 01:59:00,6.07165659975284e-08,1.8214969799258517e-08
2024-05-12 02:00:00,5.926235279382469e-08,1.7778705838147405e-08
2024-05-12 02:01:00,5.996496407753745e-08,1.7989489223261232e-08
2024-05-12 02:02:00,6.147438198290741e-08,1.8442314594872223e-08
2024-05-12 02:03:00,5.985470103978046e-08,1.7956410311934137e-08
2024-05-12 02:04:00,6.024792858358177e-08,1.8074378575074532e-08
2024-05-12 02:05:00,6.098859316694569e-08,1.8296577950083706e-08
2024-05-12 02:06:00,6.129857759134415e-08,1.8389573277403245e-08
2024-05-12 02:07:00,6.053533348490678e-08,1.8160600045472032e-08
2024-05-12 02:08:00,6.033717339859749e-08,1.8101152019579246e-08
2024-05-12 02:09:00,6.200025640703151e-08,1.8600076922109453e-08
2024-05-12 02:10:00,6.234650827317229e-08,1.870395248195169e-08
2024-05-12 02:11:00,6.169251121140183e-08,1.8507753363420548e-08
2024-05-12 02:12:00,6.10114092928104e-08,1.8303422787843123e-08
2024-05-12 02:13:00,6.042137629947727e-08,1.8126412889843182e-08
2024-05-12 02:14:00,6.045190846566666e-08,1.81355725397e-08
2024-05-12 02:15:00,6.149038856509253e-08,1.844711656952776e-08
2024-05-12 02:16:00,6.14517981242858e-08,1.8435539437285744e-08
2024-05-12 02:17:00,6.234300118791087e-08,1.870290035637326e-08
2024-05-12 02:18:00,6.173073033349974e-08,1.8519219100049923e-08
2024-05-12 02:19:00,6.025418762877562e-08,1.8076256288632685e-08
2024-05-12 02:20:00,6.216319470171576e-08,1.864895841051473e-08
2024-05-12 02:21:00,6.065848222490464e-08,1.819754466747139e-08
2024-05-12 02:22:00,6.11189364965356e-08,1.8335680948960677e-08
2024-05-12 02:23:00,6.163506168826564e-08,1.849051850647969e-08
2024-05-12 02:24:00,6.323380019850442e-08,1.897014005955133e-08
2024-05-12 02:25:00,6.450583627645444e-08,1.935175088293633e-08
2024-05-12 02:26:00,6.205530480478878e-08,1.8616591441436633e-08
2024-05-12 02:27:00,6.148836301344756e-08,1.8446508904034266e-08
2024-05-12 02:28:00,6.208623022139851e-08,1.862586906641955e-08
2024-05-12 02:29:00,6.2425867538889e-08,1.8727760261666702e-08
2024-05-12 02:30:00,6.152386533536177e-08,1.8457159600608533e-08
2024-05-12 02:31:00,6.33486706708263e-08,1.900460120124789e-08
2024-05-12 02:32:00,6.202396844832639e-08,1.8607190534497917e-08
2024-05-12 02:33:00,6.228082547070902e-08,1.8684247641212702e-08
2024-05-12 02:34:00,6.246326684825078e-08,1.873898005447523e-08
2024-05-12 02:35:00,6.23092005725046e-08,1.869276017175138e-08
2024-05-12 02:36:00,6.269805188944801e-08,1.8809415566834405e-08
2024-05-12 02:37:00,6.163010239196369e-08,1.8489030717589108e-08
2024-05-12 02:38:00,6.171527100219524e-08,1.851458130065857e-08
2024-05-12 02:39:00,6.140097073257584e-08,1.8420291219772752e-08
2024-05-12 02:40:00,6.25469611957031e-08,1.876408835871093e-08
2024-05-12 02:41:00,6.287052431121828e-08,1.8861157293365484e-08
2024-05-12 02:42:00,6.26507810186292e-08,1.8795234305588757e-08
2024-05-12 02:43:00,6.376759146270542e-08,1.9130277438811624e-08
2024-05-12 02:44:00,6.238023068809175e-08,1.871406920642752e-08
2024-05-12 02:45:00,6.295647066256608e-08,1.8886941198769824e-08
2024-05-12 02:46:00,6.171808232474547e-08,1.851542469742364e-08
2024-05-12 02:47:00,6.223567984278147e-08,1.867070395283444e-08
2024-05-12 02:48:00,6.311194338865892e-08,1.8933583016597672e-08
2024-05-12 02:49:00,6.328560098136321e-08,1.898568029440896e-08
2024-05-12 02:50:00,6.243505699353753e-08,1.8730517098061258e-08
2024-05-12 02:51:00,6.264159475211071e-08,1.8792478425633213e-08
2024-05-12 02:52:00,6.172112689892561e-08,1.8516338069677685e-08
2024-05-12 02:53:00,6.252270031063997e-08,1.875681009319199e-08
2024-05-12 02:54:00,6.354201863011657e-08,1.906260558903497e-08
2024-05-12 02:55:00,6.332226361940122e-08,1.8996679085820367e-08
2024-05-12 02:56:00,6.330574096264002e-08,1.8991722288792005e-08
2024-05-12 02:57:00,6.299729353813279e-08,1.8899188061439836e-08
2024-05-12 02:58:00,6.300912629943414e-08,1.890273788983024e-08
2024-05-12 02:59:00,6.257628454262613e-08,1.877288536278784e-08
2024-05-12 03:00:00,6.364428930936024e-08,1.909328679280807e-08
2024-05-12 03:01:00,6.346150598226465e-08,1.9038451794679392e-08
2024-05-12 03:02:00,6.356240848500898e-08,1.9068722545502695e-08
2024-05-12 03:03:00,6.284387324049405e-08,1.8853161972148216e-08
2024-05-12 03:04:00,6.188685748220094e-08,1.8566057244660283e-08
2024-05-12 03:05:00,6.420515607329879e-08,1.926154682198964e-08
2024-05-12 03:06:00,6.300784633753171e-08,1.8902353901259513e-08
2024-05-12 03:07:00,6.279104910297508e-08,1.8837314730892524e-08
2024-05-12 03:08:00,6.398971634281671e-08,1.9196914902845016e-08
2024-05-12 03:09:00,6.319960010324854e-08,1.895988003097456e-08
2024-05-12 03:10:00,6.439026048050678e-08,1.9317078144152033e-08
2024-05-12 03:11:00,6.405692009587155e-08,1.9217076028761464e-08
2024-05-12 03:12:00,6.415536021668567e-08,1.9246608065005697e-08
2024-05-12 03:13:00,6.27325041992765e-08,1.881975125978295e-08
2024-05-12 03:14:00,6.469896263823809e-08,1.9409688791471427e-08
2024-05-12 03:15:00,6.39452298145899e-08,1.9183568944376967e-08
2024-05-12 03:16:00,6.351918738189435e-08,1.9055756214568305e-08
2024-05-12 03:17:00,6.394048399249264e-08,1.9182145197747788e-08
2024-05-12 03:18:00,6.27054197852912e-08,1.881162593558736e-08
2024-05-12 03:19:00,6.423403422066587e-08,1.9270210266199758e-08
2024-05-12 03:20:00,6.324559132616192e-08,1.8973677397848577e-08
2024-05-12 03:21:00,6.308573005166698e-08,1.8925719015500094e-08
2024-05-12 03:22:00,6.302605731547332e-08,1.8907817194641995e-08
2024-05-12 03:23:00,6.499790371395261e-08,1.949937111418578e-08
2024-05-12 03:24:00,6.368215244507829e-08,1.9104645733523485e-08
2024-05-12 03:25:00,6.546863755911842e-08,1.964059126773553e-08
2024-05-12 03:26:00,6.383183910802587e-08,1.9149551732407762e-08
2024-05-12 03:27:00,6.31309209141297e-08,1.893927627423891e-08
2024-05-12 03:28:00,6.353217774887892e-08,1.9059653324663677e-08
2024-05-12 03:29:00,6.536407044731869e-08,1.9609221134195607e-08
2024-05-12 03:30:00,6.427265562524521e-08,1.928179668757356e-08
2024-05-12 03:31:00,6.403588811505171e-08,1.9210766434515515e-08
2024-05-12 03:32:00,6.459448213804406e-08,1.9378344641413218e-08
2024-05-12 03:33:00,6.490619009402549e-08,1.9471857028207644e-08
2024-05-12 03:34:00,6.546995740655005e-08,1.9640987221965013e-08
2024-05-12 03:35:00,6.58132054360715e-08,1.9743961630821447e-08
2024-05-12 03:36:00,6.437923888069946e-08,1.931377166420984e-08
2024-05-12 03:37:00,6.378212140259673e-08,1.9134636420779017e-08
2024-05-12 03:38:00,6.442533067851094e-08,1.932759920355328e-08
2024-05-12 03:39:00,6.496703774625313e-08,1.9490111323875938e-08
2024-05-12 03:40:00,6.413686147009818e-08,1.924105844102945e-08
2024-05-12 03:41:00,6.418298773707857e-08,1.925489632112357e-08
2024-05-12 03:42:00,6.5158076561929e-08,1.9547422968578696e-08
2024-05-12 03:43:00,6.489882617251509e-08,1.9469647851754526e-08
2024-05-12 03:44:00,6.500148895501424e-08,1.950044668650427e-08
2024-05-12 03:45:00,6.448071194515887e-08,1.9344213583547662e-08
2024-05-12 03:46:00,6.48900870588717e-08,1.946702611766151e-08
2024-05-12 03:47:00,6.44541204689922e-08,1.9336236140697663e-08
2024-05-12 03:48:00,6.58570591647182e-08,1.975711774941546e-08
2024-05-12 03:49:00,6.602407621258628e-08,1.980722286377588e-08
2024-05-12 03:50:00,6.401591234826865e-08,1.9204773704480594e-08
2024-05-12 03:51:00,6.461584463995161e-08,1.9384753391985482e-08
2024-05-12 03:52:00,6.430234630965296e-08,1.929070389289589e-08
2024-05-12 03:53:00,6.488423953053794e-08,1.946527185916138e-08
2024-05-12 03:54:00,6.532754544840445e-08,1.9598263634521333e-08
2024-05-12 03:55:00,6.4453507194873e-08,1.93360521584619e-08
2024-05-12 03:56:00,6.482578558118892e-08,1.9447735674356673e-08
2024-05-12 03:57:00,6.481327522358553e-08,1.944398256707566e-08
2024-05-12 03:58:00,6.57108933177825e-08,1.971326799533475e-08
2024-05-12 03:59:00,6.564592188850959e-08,1.9693776566552878e-08
2024-05-12 04:00:00,6.512118038403277e-08,1.9536354115209832e-08
2024-05-12 04:01:00,6.580909996058571e-08,1.974272998817571e-08
2024-05-12 04:02:00,6.532148607875018e-08,1.9596445823625058e-08
2024-05-12 04:03:00,6.555584217087608e-08,1.966675265126282e-08
2024-05-12 04:04:00,6.722243246387109e-08,2.0166729739161327e-08
2024-05-12 04:05:00,6.69495195714315e-08,2.008485587142945e-08
2024-05-12 04:06:00,6.499053556746661e-08,1.949716067023998e-08
2024-05-12 04:07:00,6.657884258751179e-08,1.9973652776253533e-08
2024-05-12 04:08:00,6.66032698955429e-08,1.9980980968662867e-08
2024-05-12 04:09:00,6.520493237179458e-08,1.956147971153837e-08
2024-05-12 04:10:00,6.668925794303761e-08,2.000677738291128e-08
2024-05-12 04:11:00,6.737296569290969e-08,2.0211889707872905e-08
2024-05-12 04:12:00,6.534045257225219e-08,1.9602135771675654e-08
2024-05-12 04:13:00,6.551201688903828e-08,1.9653605066711486e-08
2024-05-12 04:14:00,6.701898954214901e-08,2.01056968626447e-08
2024-05-12 04:15:00,6.644167001584338e-08,1.9932501004753016e-08
2024-05-12 04:16:00,6.670439910844987e-08,2.0011319732534956e-08
2024-05-12 04:17:00,6.657456020173444e-08,1.9972368060520332e-08
2024-05-12 04:18:00,6.665345581478612e-08,1.9996036744435834e-08
2024-05-12 04:19:00,6.54886620845653e-08,1.9646598625369588e-08
2024-05-12 04:20:00,6.728037624954515e-08,2.0184112874863545e-08
2024-05-12 04:21:00,6.74276218885347e-08,2.022828656656041e-08
2024-05-12 04:22:00,6.633853038420467e-08,1.99015591152614e-08
2024-05-12 04:23:00,6.651393109383706e-08,1.9954179328151117e-08
2024-05-12 04:24:00,6.555912899620592e-08,1.9667738698861775e-08
2024-05-12 04:25:00,6.702470855339539e-08,2.0107412566018615e-08
2024-05-12 04:26:00,6.711027312721556e-08,2.0133081938164668e-08
2024-05-12 04:27:00,6.665430500592117e-08,1.999629150177635e-08
2024-05-12 04:28:00,6.765763927595329e-08,2.0297291782785984e-08
2024-05-12 04:29:00,6.653298396304007e-08,1.9959895188912022e-08
2024-05-12 04:30:00,6.725745841298375e-08,2.0177237523895124e-08
2024-05-12 04:31:00,6.614452068591835e-08,1.9843356205775506e-08
2024-05-12 04:32:00,6.687403570833081e-08,2.0062210712499242e-08
2024-05-12 04:33:00,6.68005222886784e-08,2.004015668660352e-08
2024-05-12 04:34:00,6.71392968753526e-08,2.0141789062605778e-08
2024-05-12 04:35:00,6.673556955578702e-08,2.0020670866736103e-08
2024-05-12 04:36:00,6.69451910134315e-08,2.0083557304029447e-08
2024-05-12 04:37:00,6.773994822417538e-08,2.0321984467252613e-08
2024-05-12 04:38:00,6.68007957640886e-08,2.004023872922658e-08
2024-05-12 04:39:00,6.608451274152852e-08,1.9825353822458557e-08
2024-05-12 04:40:00,6.869301915736025e-08,2.0607905747208077e-08
2024-05-12 04:41:00,6.838099512825837e-08,2.0514298538477512e-08
2024-05-12 04:42:00,6.638579687359395e-08,1.9915739062078185e-08
2024-05-12 04:43:00,6.78488434691038e-08,2.035465304073114e-08
2024-05-12 04:44:00,6.697742313501504e-08,2.009322694050451e-08
2024-05-12 04:45:00,6.757917067982308e-08,2.0273751203946922e-08
2024-05-12 04:46:00,6.763993604383919e-08,2.029198081315176e-08
2024-05-12 04:47:00,6.727820746843054e-08,2.018346224052916e-08
2024-05-12 04:48:00,6.693290903676549e-08,2.0079872711029645e-08
2024-05-12 04:49:00,6.703194875034462e-08,2.010958462510339e-08
2024-05-12 04:50:00,6.691825925916947e-08,2.0075477777750836e-08
2024-05-12 04:51:00,6.701000706208922e-08,2.0103002118626768e-08
2024-05-12 04:52:00,6.758253855524101e-08,2.0274761566572306e-08
2024-05-12 04:53:00,6.715971105361137e-08,2.0147913316083412e-08
2024-05-12 04:54:00,6.824328898977339e-08,2.0472986696932015e-08
2024-05-12 04:55:00,6.899016290943572e-08,2.0697048872830714e-08
2024-05-12 04:56:00,6.735961539728422e-08,2.0207884619185267e-08
2024-05-12 04:57:00,6.799473190603915e-08,2.0398419571811746e-08
2024-05-12 04:58:00,6.82366299058687e-08,2.0470988971760608e-08
2024-05-12 04:59:00,6.824974468338252e-08,2.0474923405014754e-08
2024-05-12 05:00:00,6.797554683889129e-08,2.0392664051667383e-08
2024-05-12 05:01:00,6.854271949330986e-08,2.0562815847992957e-08
2024-05-12 05:02:00,6.836372501539628e-08,2.0509117504618882e-08
2024-05-12 05:03:00,6.717649450294425e-08,2.0152948350883274e-08
2024-05-12 05:04:00,6.875487048176688e-08,2.062646114453006e-08
2024-05-12 05:05:00,6.880521340646286e-08,2.0641564021938855e-08
2024-05-12 05:06:00,6.758724169373321e-08,2.0276172508119965e-08
2024-05-12 05:07:00,6.819130114560937e-08,2.045739034368281e-08
2024-05-12 05:08:00,6.873695981743709e-08,2.0621087945231122e-08
2024-05-12 05:09:00,6.807713418677262e-08,2.0423140256031784e-08
2024-05-12 05:10:00,6.913908937264071e-08,2.074172681179221e-08
2024-05-12 05:11:00,7.04280820714151e-08,2.112842462142453e-08
2024-05-12 05:12:00,6.7778182324885e-08,2.03334546974655e-08
2024-05-12 05:13:00,6.743268277171166e-08,2.0229804831513497e-08
2024-05-12 05:14:00,6.863522152218807e-08,2.0590566456656422e-08
2024-05-12 05:15:00,6.90073847964805e-08,2.070221543894415e-08
2024-05-12 05:16:00,6.829929932152047e-08,2.048978979645614e-08
2024-05-12 05:17:00,6.972088749756493e-08,2.0916266249269484e-08
2024-05-12 05:18:00,6.762686123787742e-08,2.0288058371363224e-08
2024-05-12 05:19:00,6.911741342214629e-08,2.0735224026643887e-08
2024-05-12 05:20:00,6.816859741926347e-08,2.045057922577904e-08
2024-05-12 05:21:00,7.010713576360062e-08,2.1032140729080182e-08
2024-05-12 05:22:00,7.041074223710194e-08,2.1123222671130582e-08
2024-05-12 05:23:00,6.815872145448564e-08,2.0447616436345693e-08
2024-05-12 05:24:00,6.833899602860888e-08,2.0501698808582664e-08
2024-05-12 05:25:00,6.945536683796383e-08,2.083661005138915e-08
2024-05-12 05:26:00,6.851770949505093e-08,2.0555312848515276e-08
2024-05-12 05:27:00,6.879825066406458e-08,2.0639475199219373e-08
2024-05-12 05:28:00,6.88835606557021e-08,2.0665068196710632e-08
2024-05-12 05:29:00,6.764564849870542e-08,2.0293694549611626e-08
2024-05-12 05:30:00,6.89183464468884e-08,2.0675503934066515e-08
2024-05-12 05:31:00,6.846921853976587e-08,2.054076556192976e-08
2024-05-12 05:32:00,6.86359823771052e-08,2.0590794713131563e-08
2024-05-12 05:33:00,7.023307598363644e-08,2.1069922795090932e-08
2024-05-12 05:34:00,6.819687098190947e-08,2.0459061294572844e-08
2024-05-12 05:35:00,6.973589921348356e-08,2.0920769764045068e-08
2024-05-12 05:36:00,6.891368090648298e-08,2.067410427194489e-08
2024-05-12 05:37:00,6.894433669790496e-08,2.0683301009371487e-08
2024-05-12 05:38:00,6.98102727676109e-08,2.094308183028327e-08
2024-05-12 05:39:00,6.947356781036138e-08,2.0842070343108415e-08
2024-05-12 05:40:00,6.968958893231697e-08,2.0906876679695094e-08
2024-05-12 05:41:00,7.00550404433189e-08,2.1016512132995666e-08
2024-05-12 05:42:00,6.906174233572515e-08,2.0718522700717546e-08
2024-05-12 05:43:00,6.889592799860768e-08,2.0668778399582304e-08
2024-05-12 05:44:00,6.861395301484892e-08,2.0584185904454678e-08
2024-05-12 05:45:00,6.881301800007044e-08,2.0643905400021132e-08
2024-05-12 05:46:00,7.220733044576745e-08,2.1662199133730236e-08
2024-05-12 05:47:00,7.04817660336563e-08,2.1144529810096895e-08
2024-05-12 05:48:00,6.856808364953739e-08,2.0570425094861213e-08
2024-05-12 05:49:00,6.861540458199452e-08,2.0584621374598353e-08
2024-05-12 05:50:00,6.991948096921639e-08,2.0975844290764916e-08
2024-05-12 05:51:00,7.000197275392182e-08,2.1000591826176547e-08
2024-05-12 05:52:00,7.003267147941092e-08,2.1009801443823275e-08
2024-05-12 05:53:00,6.944523415407587e-08,2.0833570246222762e-08
2024-05-12 05:54:00,6.95687562868294e-08,2.0870626886048822e-08
2024-05-12 05:55:00,6.994302315750502e-08,2.0982906947251506e-08
2024-05-12 05:56:00,6.978467324785091e-08,2.093540197435527e-08
2024-05-12 05:57:00,6.833280604059627e-08,2.049984181217888e-08
2024-05-12 05:58:00,6.960777914111033e-08,2.0882333742333102e-08
2024-05-12 05:59:00,6.920621485159766e-08,2.07618644554793e-08
2024-05-12 06:00:00,6.996718104941851e-08,2.099015431482555e-08
2024-05-12 06:01:00,7.268649567369721e-08,2.1805948702109164e-08
2024-05-12 06:02:00,7.017369679029717e-08,2.105210903708915e-08
2024-05-12 06:03:00,6.968860674260187e-08,2.090658202278056e-08
2024-05-12 06:04:00,7.068757022377476e-08,2.1206271067132425e-08
2024-05-12 06:05:00,7.03492838645364e-08,2.1104785159360918e-08
2024-05-12 06:06:00,7.032661678690347e-08,2.109798503607104e-08
2024-05-12 06:07:00,7.050533736874756e-08,2.115160121062427e-08
2024-05-12 06:08:00,7.186292415908105e-08,2.1558877247724313e-08
2024-05-12 06:09:00,6.93031812221558e-08,2.079095436664674e-08
2024-05-12 06:10:00,7.047849016965981e-08,2.114354705089794e-08
2024-05-12 06:11:00,6.948856932797439e-08,2.0846570798392315e-08
2024-05-12 06:12:00,7.059849270310387e-08,2.117954781093116e-08
2024-05-12 06:13:00,6.95469886075553e-08,2.086409658226659e-08
2024-05-12 06:14:00,6.991370295464961e-08,2.0974110886394884e-08
2024-05-12 06:15:00,7.002699820194997e-08,2.100809946058499e-08
2024-05-12 06:16:00,7.105784739059675e-08,2.1317354217179025e-08
2024-05-12 06:17:00,7.103434297967395e-08,2.1310302893902186e-08
2024-05-12 06:18:00,6.946955297448936e-08,2.084086589234681e-08
2024-05-12 06:19:00,7.038892496482211e-08,2.1116677489446636e-08
2024-05-12 06:20:00,6.98683852611382e-08,2.096051557834146e-08
2024-05-12 06:21:00,6.953862188651838e-08,2.0861586565955515e-08
2024-05-12 06:22:00,7.026401455546013e-08,2.1079204366638038e-08
2024-05-12 06:23:00,7.022332242455244e-08,2.1066996727365735e-08
2024-05-12 06:24:00,7.266995531714283e-08,2.180098659514285e-08
2024-05-12 06:25:00,7.083500404351584e-08,2.1250501213054752e-08
2024-05-12 06:26:00,6.959089633170273e-08,2.0877268899510822e-08
2024-05-12 06:27:00,7.014290713273032e-08,2.104287213981909e-08
2024-05-12 06:28:00,7.140143142070403e-08,2.1420429426211207e-08
2024-05-12 06:29:00,7.24374413564049e-08,2.173123240692147e-08
2024-05-12 06:30:00,6.95637019773758e-08,2.086911059321274e-08
2024-05-12 06:31:00,6.941782640978255e-08,2.0825347922934763e-08
2024-05-12 06:32:00,7.229031952321916e-08,2.1687095856965747e-08
2024-05-12 06:33:00,7.0995167090069e-08,2.1298550127020703e-08
2024-05-12 06:34:00,7.010735769318286e-08,2.103220730795486e-08
2024-05-12 06:35:00,7.115899831247235e-08,2.1347699493741703e-08
2024-05-12 06:36:00,6.913210559499822e-08,2.0739631678499467e-08
2024-05-12 06:37:00,7.079072809022563e-08,2.1237218427067686e-08
2024-05-12 06:38:00,7.106333317452822e-08,2.1318999952358467e-08
2024-05-12 06:39:00,7.157785864269596e-08,2.147335759280879e-08
2024-05-12 06:40:00,7.015171809624649e-08,2.1045515428873947e-08
2024-05-12 06:41:00,7.094450959092892e-08,2.1283352877278676e-08
2024-05-12 06:42:00,7.025432461953448e-08,2.1076297385860342e-08
2024-05-12 06:43:00,7.112002553252052e-08,2.1336007659756155e-08
2024-05-12 06:44:00,7.031865317311778e-08,2.1095595951935333e-08
2024-05-12 06:45:00,7.067223168171363e-08,2.120166950451409e-08
2024-05-12 06:46:00,7.029732631209511e-08,2.1089197893628535e-08
2024-05-12 06:47:00,7.152589027614441e-08,2.1457767082843324e-08
2024-05-12 06:48:00,7.172168390984712e-08,2.1516505172954133e-08
2024-05-12 06:49:00,7.088316254624247e-08,2.1264948763872744e-08
2024-05-12 06:50:00,7.110619264980315e-08,2.1331857794940943e-08
2024-05-12 06:51:00,7.012213492719814e-08,2.1036640478159442e-08
2024-05-12 06:52:00,7.089993191078822e-08,2.1269979573236463e-08
2024-05-12 06:53:00,7.110311670972039e-08,2.1330935012916114e-08
2024-05-12 06:54:00,7.356936801740227e-08,2.2070810405220676e-08
2024-05-12 06:55:00,7.041387588688084e-08,2.1124162766064254e-08
2024-05-12 06:56:00,7.243053331699707e-08,2.172915999509912e-08
2024-05-12 06:57:00,7.202922458288901e-08,2.1608767374866703e-08
2024-05-12 06:58:00,7.145792300294924e-08,2.143737690088477e-08
2024-05-12 06:59:00,7.277225800826277e-08,2.183167740247883e-08
2024-05-12 07:00:00,7.156983810022752e-08,2.1470951430068255e-08
2024-05-12 07:01:00,7.16030871117604e-08,2.1480926133528122e-08
2024-05-12 07:02:00,7.128240324565265e-08,2.1384720973695795e-08
2024-05-12 07:03:00,7.234877438380276e-08,2.1704632315140828e-08
2024-05-12 07:04:00,7.22545793702197e-08,2.167637381106591e-08
2024-05-12 07:05:00,7.093192073846089e-08,2.1279576221538268e-08
2024-05-12 07:06:00,7.050108552325683e-08,2.1150325656977053e-08
2024-05-12 07:07:00,7.12676194124182e-08,2.138028582372546e-08
2024-05-12 07:08:00,7.087077052079093e-08,2.1261231156237277e-08
2024-05-12 07:09:00,7.140725555711989e-08,2.1422176667135965e-08
2024-05-12 07:10:00,7.249279413559176e-08,2.174783824067753e-08
2024-05-12 07:11:00,7.115968785583043e-08,2.1347906356749125e-08
2024-05-12 07:12:00,7.147716387202102e-08,2.1443149161606306e-08
2024-05-12 07:13:00,7.157074294764475e-08,2.147122288429343e-08
2024-05-12 07:14:00,7.222332508689887e-08,2.166699752606966e-08
2024-05-12 07:15:00,7.013170763545611e-08,2.1039512290636835e-08
2024-05-12 07:16:00,7.114473681966156e-08,2.1343421045898465e-08
2024-05-12 07:17:00,7.175790364537701e-08,2.1527371093613103e-08
2024-05-12 07:18:00,7.260013549970297e-08,2.178004064991089e-08
2024-05-12 07:19:00,7.127525030354019e-08,2.1382575091062054e-08
2024-05-12 07:20:00,7.042097387355299e-08,2.1126292162065898e-08
2024-05-12 07:21:00,7.215132775119915e-08,2.1645398325359742e-08
2024-05-12 07:22:00,7.122618120584439e-08,2.1367854361753316e-08
2024-05-12 07:23:00,7.087981482606587e-08,2.126394444781976e-08
2024-05-12 07:24:00,7.126611077745458e-08,2.1379833233236375e-08
2024-05-12 07:25:00,7.159258324584191e-08,2.147777497375257e-08
2024-05-12 07:26:00,7.131129279980974e-08,2.1393387839942923e-08
2024-05-12 07:27:00,7.035215566769442e-08,2.1105646700308325e-08
2024-05-12 07:28:00,7.249619232886626e-08,2.1748857698659876e-08
2024-05-12 07:29:00,7.284505268252281e-08,2.1853515804756844e-08
2024-05-12 07:30:00,7.231984060680537e-08,2.169595218204161e-08
2024-05-12 07:31:00,7.103710473696009e-08,2.1311131421088027e-08
2024-05-12 07:32:00,7.168752408412054e-08,2.1506257225236162e-08
2024-05-12 07:33:00,7.184618061199722e-08,2.1553854183599168e-08
2024-05-12 07:34:00,7.233547757388727e-08,2.1700643272166184e-08
2024-05-12 07:35:00,7.240720247358361e-08,2.1722160742075085e-08
2024-05-12 07:36:00,7.137276966667189e-08,2.1411830900001566e-08
2024-05-12 07:37:00,7.197008159414519e-08,2.1591024478243556e-08
2024-05-12 07:38:00,7.22770808134167e-08,2.168312424402501e-08
2024-05-12 07:39:00,7.315605926792733e-08,2.19468177803782e-08
2024-05-12 07:40:00,7.25066653296272e-08,2.175199959888816e-08
2024-05-12 07:41:00,7.2590987063589e-08,2.1777296119076698e-08
2024-05-12 07:42:00,7.203924537009777e-08,2.161177361102933e-08
2024-05-12 07:43:00,7.316712005044582e-08,2.1950136015133744e-08
2024-05-12 07:44:00,7.231891102300562e-08,2.1695673306901685e-08
2024-05-12 07:45:00,7.14088399198776e-08,2.1422651975963274e-08
2024-05-12 07:46:00,7.319877219956162e-08,2.1959631659868485e-08
2024-05-12 07:47:00,7.259148161051738e-08,2.1777444483155216e-08
2024-05-12 07:48:00,7.17304403557573e-08,2.151913210672719e-08
2024-05-12 07:49:00,7.171701463570199e-08,2.1515104390710598e-08
2024-05-12 07:50:00,7.230337878238058e-08,2.1691013634714176e-08
2024-05-12 07:51:00,7.24474206344094e-08,2.1734226190322818e-08
2024-05-12 07:52:00,7.224944974369305e-08,2.167483492310791e-08
2024-05-12 07:53:00,7.23497125292068e-08,2.1704913758762043e-08
2024-05-12 07:54:00,7.357421995618785e-08,2.2072265986856358e-08
2024-05-12 07:55:00,7.300489488880746e-08,2.1901468466642235e-08
2024-05-12 07:56:00,7.228901588751242e-08,2.1686704766253727e-08
2024-05-12 07:57:00,7.291299304455669e-08,2.1873897913367007e-08
2024-05-12 07:58:00,7.144793040622118e-08,2.1434379121866353e-08
2024-05-12 07:59:00,7.248329729768849e-08,2.1744989189306547e-08
2024-05-12 08:00:00,7.374500136282904e-08,2.212350040884871e-08
2024-05-12 08:01:00,7.203523840219526e-08,2.1610571520658576e-08
2024-05-12 08:02:00,7.160908820856677e-08,2.148272646257003e-08
2024-05-12 08:03:00,7.174991412403985e-08,2.152497423721195e-08
2024-05-12 08:04:00,7.147148723597757e-08,2.144144617079327e-08
2024-05-12 08:05:00,7.167960169364067e-08,2.1503880508092197e-08
2024-05-12 08:06:00,7.197381478269461e-08,2.1592144434808378e-08
2024-05-12 08:07:00,7.130274951287083e-08,2.1390824853861247e-08
2024-05-12 08:08:00,7.227386739097534e-08,2.1682160217292604e-08
2024-05-12 08:09:00,7.299553990023909e-08,2.1898661970071727e-08
2024-05-12 08:10:00,7.164299413666491e-08,2.1492898240999475e-08
2024-05-12 08:11:00,7.356767154565607e-08,2.207030146369682e-08
2024-05-12 08:12:00,7.269432904097701e-08,2.1808298712293105e-08
2024-05-12 08:13:00,7.314014546621919e-08,2.1942043639865754e-08
2024-05-12 08:14:00,7.184237145053955e-08,2.1552711435161865e-08
2024-05-12 08:15:00,7.300372013507109e-08,2.1901116040521328e-08
2024-05-12 08:16:00,7.15721238837143e-08,2.147163716511429e-08
2024-05-12 08:17:00,7.30492564779655e-08,2.1914776943389648e-08
2024-05-12 08:18:00,7.24727392167966e-08,2.1741821765038976e-08
2024-05-12 08:19:00,7.278190392273202e-08,2.1834571176819606e-08
2024-05-12 08:20:00,7.154783810916649e-08,2.1464351432749946e-08
2024-05-12 08:21:00,7.173472091047645e-08,2.1520416273142933e-08
2024-05-12 08:22:00,7.283807680907077e-08,2.1851423042721232e-08
2024-05-12 08:23:00,7.171289256426425e-08,2.1513867769279277e-08
2024-05-12 08:24:00,7.274186962532666e-08,2.1822560887597995e-08
2024-05-12 08:25:00,7.146112187912993e-08,2.143833656373898e-08
2024-05-12 08:26:00,7.30724341929582e-08,2.192173025788746e-08
2024-05-12 08:27:00,7.155581384684572e-08,2.1466744154053714e-08
2024-05-12 08:28:00,7.283720694394986e-08,2.1851162083184955e-08
2024-05-12 08:29:00,7.290266793616496e-08,2.1870800380849485e-08
2024-05-12 08:30:00,7.19197379860553e-08,2.1575921395816586e-08
2024-05-12 08:31:00,7.28771192123999e-08,2.186313576371997e-08
2024-05-12 08:32:00,7.262504706916457e-08,2.178751412074937e-08
2024-05-12 08:33:00,7.204232132005831e-08,2.1612696396017495e-08
2024-05-12 08:34:00,7.173310457004738e-08,2.1519931371014213e-08
2024-05-12 08:35:00,7.116435984803968e-08,2.13493079544119e-08
2024-05-12 08:36:00,7.27128717790418e-08,2.181386153371254e-08
2024-05-12 08:37:00,7.140161541689695e-08,2.1420484625069083e-08
2024-05-12 08:38:00,7.252352747909421e-08,2.175705824372826e-08
2024-05-12 08:39:00,7.226145150711014e-08,2.1678435452133042e-08
2024-05-12 08:40:00,7.299489830604183e-08,2.1898469491812547e-08
2024-05-12 08:41:00,7.224055139233757e-08,2.167216541770127e-08
2024-05-12 08:42:00,7.222411702909174e-08,2.1667235108727525e-08
2024-05-12 08:43:00,7.304835882760003e-08,2.191450764828001e-08
2024-05-12 08:44:00,7.272873323788854e-08,2.181861997136656e-08
2024-05-12 08:45:00,7.271650098847971e-08,2.1814950296543913e-08
2024-05-12 08:46:00,7.284078795581501e-08,2.1852236386744502e-08
2024-05-12 08:47:00,7.144980046489359e-08,2.1434940139468078e-08
2024-05-12 08:48:00,7.308166899724932e-08,2.1924500699174795e-08
2024-05-12 08:49:00,7.296368990019176e-08,2.1889106970057527e-08
2024-05-12 08:50:00,7.177715892713737e-08,2.1533147678141214e-08
2024-05-12 08:51:00,7.230625252063408e-08,2.1691875756190222e-08
2024-05-12 08:52:00,7.245806458227878e-08,2.1737419374683634e-08
2024-05-12 08:53:00,7.238888121585608e-08,2.1716664364756823e-08
2024-05-12 08:54:00,7.2746627322738e-08,2.18239881968214e-08
2024-05-12 08:55:00,7.368827989861778e-08,2.2106483969585335e-08
2024-05-12 08:56:00,7.337242925485245e-08,2.2011728776455735e-08
2024-05-12 08:57:00,7.159880882073939e-08,2.1479642646221813e-08
2024-05-12 08:58:00,7.298161046412726e-08,2.189448313923818e-08
2024-05-12 08:59:00,7.359583919310863e-08,2.207875175793259e-08
2024-05-12 09:00:00,7.279162810217725e-08,2.1837488430653172e-08
2024-05-12 09:01:00,7.338184748400806e-08,2.201455424520242e-08
2024-05-12 09:02:00,7.425432572592497e-08,2.227629771777749e-08
2024-05-12 09:03:00,7.332203732284051e-08,2.199661119685215e-08
2024-05-12 09:04:00,7.268209141825792e-08,2.1804627425477377e-08
2024-05-12 09:05:00,7.333939220791571e-08,2.200181766237471e-08
2024-05-12 09:06:00,7.259971190184708e-08,2.1779913570554123e-08
2024-05-12 09:07:00,7.25067025442431e-08,2.1752010763272928e-08
2024-05-12 09:08:00,7.223072359304144e-08,2.1669217077912433e-08
2024-05-12 09:09:00,7.380746053533518e-08,2.214223816060055e-08
2024-05-12 09:10:00,7.190673559831447e-08,2.1572020679494343e-08
2024-05-12 09:11:00,7.377466526092583e-08,2.2132399578277745e-08
2024-05-12 09:12:00,7.286991795449303e-08,2.186097538634791e-08
2024-05-12 09:13:00,7.153180937836506e-08,2.1459542813509515e-08
2024-05-12 09:14:00,7.275963627709808e-08,2.1827890883129422e-08
2024-05-12 09:15:00,7.112260149529092e-08,2.133678044858728e-08
2024-05-12 09:16:00,7.29628619159859e-08,2.1888858574795767e-08
2024-05-12 09:17:00,7.317821348660685e-08,2.1953464045982054e-08
2024-05-12 09:18:00,7.204009559291495e-08,2.1612028677874486e-08
2024-05-12 09:19:00,7.255555507988e-08,2.1766666523964e-08
2024-05-12 09:20:00,7.416173535682915e-08,2.2248520607048742e-08
2024-05-12 09:21:00,7.208990511541525e-08,2.162697153462457e-08
2024-05-12 09:22:00,7.171718626185954e-08,2.151515587855786e-08
2024-05-12 09:23:00,7.369207059946774e-08,2.210762117984032e-08
2024-05-12 09:24:00,7.415515918498078e-08,2.2246547755494234e-08
2024-05-12 09:25:00,7.244221727383935e-08,2.17326651821518e-08
2024-05-12 09:26:00,7.32542518762759e-08,2.1976275562882768e-08
2024-05-12 09:27:00,7.354502914567283e-08,2.206350874370185e-08
2024-05-12 09:28:00,7.18988763785108e-08,2.156966291355324e-08
2024-05-12 09:29:00,7.206993049968716e-08,2.162097914990615e-08
2024-05-12 09:30:00,7.342980877344317e-08,2.202894263203295e-08
2024-05-12 09:31:00,7.384854302108821e-08,2.2154562906326463e-08
2024-05-12 09:32:00,7.284583491356878e-08,2.1853750474070634e-08
2024-05-12 09:33:00,7.178161448380894e-08,2.153448434514268e-08
2024-05-12 09:34:00,7.413027267599625e-08,2.2239081802798876e-08
2024-05-12 09:35:00,7.200539077038087e-08,2.160161723111426e-08
2024-05-12 09:36:00,7.213697142061819e-08,2.1641091426185452e-08
2024-05-12 09:37:00,7.263934012457439e-08,2.179180203737232e-08
2024-05-12 09:38:00,7.368217004704437e-08,2.2104651014113312e-08
2024-05-12 09:39:00,7.304622232767566e-08,2.1913866698302697e-08
2024-05-12 09:40:00,7.267720469917081e-08,2.1803161409751244e-08
2024-05-12 09:41:00,7.270908607956707e-08,2.1812725823870123e-08
2024-05-12 09:42:00,7.23749271001007e-08,2.1712478130030208e-08
2024-05-12 09:43:00,7.277156504890318e-08,2.1831469514670956e-08
2024-05-12 09:44:00,7.074876574443203e-08,2.122462972332961e-08
2024-05-12 09:45:00,7.210235951658109e-08,2.1630707854974327e-08
2024-05-12 09:46:00,7.24964937967313e-08,2.1748948139019393e-08
2024-05-12 09:47:00,7.151141729877162e-08,2.145342518963148e-08
2024-05-12 09:48:00,7.259447885184772e-08,2.1778343655554315e-08
2024-05-12 09:49:00,7.213689392349694e-08,2.1641068177049083e-08
2024-05-12 09:50:00,7.378571821114438e-08,2.2135715463343317e-08
2024-05-12 09:51:00,7.360147465865901e-08,2.2080442397597704e-08
2024-05-12 09:52:00,7.192471120854159e-08,2.1577413362562475e-08
2024-05-12 09:53:00,7.21413531932879e-08,2.1642405957986365e-08
2024-05-12 09:54:00,7.218896093144378e-08,2.1656688279433132e-08
2024-05-12 09:55:00,7.190732706472408e-08,2.1572198119417226e-08
2024-05-12 09:56:00,7.237385023345953e-08,2.171215507003786e-08
2024-05-12 09:57:00,7.16782628762669e-08,2.1503478862880068e-08
2024-05-12 09:58:00,7.142610296768756e-08,2.1427830890306266e-08
2024-05-12 09:59:00,7.268566812128607e-08,2.1805700436385823e-08
2024-05-12 10:00:00,7.268118753456706e-08,2.1804356260370118e-08
2024-05-12 10:01:00,7.160749746995294e-08,2.1482249240985883e-08
2024-05-12 10:02:00,7.288403298125208e-08,2.1865209894375625e-08
2024-05-12 10:03:00,7.170280012132938e-08,2.151084003639881e-08
2024-05-12 10:04:00,7.233750054696533e-08,2.1701250164089595e-08
2024-05-12 10:05:00,7.278776089826463e-08,2.1836328269479386e-08
2024-05-12 10:06:00,7.209680712785018e-08,2.1629042138355055e-08
2024-05-12 10:07:00,7.246365043943304e-08,2.1739095131829912e-08
2024-05-12 10:08:00,7.172656893224725e-08,2.1517970679674174e-08
2024-05-12 10:09:00,7.194247983918577e-08,2.1582743951755726e-08
2024-05-12 10:10:00,7.192389019679592e-08,2.1577167059038778e-08
2024-05-12 10:11:00,7.153428679553466e-08,2.1460286038660397e-08
2024-05-12 10:12:00,7.192108445395005e-08,2.1576325336185013e-08
2024-05-12 10:13:00,7.100324505919453e-08,2.1300973517758363e-08
2024-05-12 10:14:00,7.167213982529345e-08,2.150164194758803e-08
2024-05-12 10:15:00,7.180553117937415e-08,2.1541659353812246e-08
2024-05-12 10:16:00,7.181345765422548e-08,2.1544037296267646e-08
2024-05-12 10:17:00,7.181116295851776e-08,2.1543348887555326e-08
2024-05-12 10:18:00,7.192986924630548e-08,2.1578960773891644e-08
2024-05-12 10:19:00,7.233557573510183e-08,2.1700672720530547e-08
2024-05-12 10:20:00,7.265020797871121e-08,2.179506239361336e-08
2024-05-12 10:21:00,7.14714734737456e-08,2.1441442042123678e-08
2024-05-12 10:22:00,7.109643108069047e-08,2.1328929324207137e-08
2024-05-12 10:23:00,7.118468950379345e-08,2.135540685113803e-08
2024-05-12 10:24:00,7.154179393099677e-08,2.1462538179299028e-08
2024-05-12 10:25:00,7.162286482868244e-08,2.1486859448604733e-08
2024-05-12 10:26:00,7.132020091657634e-08,2.1396060274972902e-08
2024-05-12 10:27:00,7.096763970285623e-08,2.129029191085687e-08
2024-05-12 10:28:00,7.150573147625946e-08,2.145171944287784e-08
2024-05-12 10:29:00,7.195947206959562e-08,2.1587841620878684e-08
2024-05-12 10:30:00,7.227331882558736e-08,2.1681995647676206e-08
2024-05-12 10:31:00,7.13902892471505e-08,2.1417086774145147e-08
2024-05-12 10:32:00,7.147567718306935e-08,2.1442703154920807e-08
2024-05-12 10:33:00,7.111165641634735e-08,2.1333496924904202e-08
2024-05-12 10:34:00,7.17213640727177e-08,2.1516409221815307e-08
2024-05-12 10:35:00,7.113158417171189e-08,2.1339475251513565e-08
2024-05-12 10:36:00,7.216197558781235e-08,2.1648592676343705e-08
2024-05-12 10:37:00,7.052198337865628e-08,2.1156595013596886e-08
2024-05-12 10:38:00,7.141812388401211e-08,2.1425437165203637e-08
2024-05-12 10:39:00,7.189526467990657e-08,2.156857940397197e-08
2024-05-12 10:40:00,7.178744925190288e-08,2.1536234775570866e-08
2024-05-12 10:41:00,7.411957821790101e-08,2.22358734653703e-08
2024-05-12 10:42:00,7.411957821790101e-08,2.156499976034052e-08
2024-05-12 10:43:00,2.942829232674037e-07,9.333333333333333e-07
2024-05-12 10:44:00,7.346096133664093e-07,1.8666666666666667e-06
2024-05-12 10:45:00,1.3950996485149177e-06,2.8e-06
2024-05-12 10:46:00,2.2757530287129287e-06,2.3124095298560283e-06
2024-05-12 10:47:00,3.376569753960443e-06,1.8968542396915608e-06
2024-05-12 10:48:00,8e-06,1.5566253346057466e-06
2024-05-12 10:49:00,7.305190509532836e-06,1.2780684491017684e-06
2024-05-12 10:50:00,6.616319021188681e-06,1.0500043342494863e-06
2024-05-12 10:51:00,5.9930004381714295e-06,8.63280195169472e-07
2024-05-12 10:52:00,5.42899656227491e-06,7.104023572334368e-07
2024-05-12 10:53:00,4.918662838370534e-06,5.852355185858751e-07
2024-05-12 10:54:00,4.456891861799484e-06,4.827565189346241e-07
2024-05-12 10:55:00,4.039062261747306e-06,3.988527424873245e-07
2024-05-12 10:56:00,3.660992449008566e-06,3.301570642357728e-07
2024-05-12 10:57:00,3.3188987652336402e-06,2.7391271540300933e-07
2024-05-12 10:58:00,3.0093576148012357e-06,2.278626446290441e-07
2024-05-12 10:59:00,2.7292712003196965e-06,1.9015893457112838e-07
2024-05-12 11:00:00,2.4758365188264727e-06,1.5928863848867578e-07
2024-05-12 11:01:00,2.246517308389299e-06,1.3401306037458497e-07
2024-05-12 11:02:00,2.039018664341241e-06,1.1331804173142966e-07
2024-05-12 11:03:00,1.8512640711003414e-06,9.637325982629002e-08
2024-05-12 11:04:00,1.681374619700628e-06,8.249890392027916e-08
2024-05-12 11:05:00,1.5276502030365148e-06,7.113839207284697e-08
2024-05-12 11:06:00,1.388552500616305e-06,6.183603355042141e-08
2024-05-12 11:07:00,1.2626895825304835e-06,5.4218740353412533e-08
2024-05-12 11:08:00,1.1488019785461333e-06,4.7981053880943546e-08
2024-05-12 11:09:00,1.045750072902299e-06,4.287288580078926e-08
2024-05-12 11:10:00,9.525026986491684e-07,3.8689481122588545e-08
2024-05-12 11:11:00,8.681268173793833e-07,3.526320065721616e-08
2024-05-12 11:12:00,7.917781810627661e-07,3.245679306355528e-08
2024-05-12 11:13:00,7.22692882524965e-07,3.0157886466284584e-08
2024-05-12 11:14:00,6.601797100043636e-07,2.8274478573960066e-08
2024-05-12 11:15:00,6.03613229269097e-07,2.67312442999955e-08
2024-05-12 11:16:00,5.524275240576719e-07,2.5466512698406523e-08
2024-05-12 11:17:00,5.061105321954185e-07,2.4429791888135225e-08
2024-05-12 11:18:00,4.6419892070072456e-07,2.3579742632478013e-08
2024-05-12 11:19:00,4.262734485893906e-07,2.2882519246243922e-08
2024-05-12 11:20:00,3.9195477096649567e-07,2.231041124542246e-08
2024-05-12 11:21:00,3.608996424117131e-07,2.1840731223992596e-08
2024-05-12 11:22:00,3.32797481660281e-07,2.161539265081865e-08
2024-05-12 11:23:00,3.073672631978026e-07,2.1137722759410073e-08
2024-05-12 11:24:00,2.8435470465890724e-07,2.1279053675330695e-08
2024-05-12 11:25:00,2.6352972188031835e-07,2.0994808308751843e-08
2024-05-12 11:26:00,2.4468412613763965e-07,2.108857344176066e-08
2024-05-12 11:27:00,2.2762954051903443e-07,2.103124010078642e-08
2024-05-12 11:28:00,2.121955145821642e-07,2.1070399350299502e-08
2024-05-12 11:29:00,1.9822781842523973e-07,2.1077397145954492e-08
2024-05-12 11:30:00,1.855868990986742e-07,2.1068261239338282e-08
2024-05-12 11:31:00,1.7414648390858906e-07,2.1379126370374642e-08
2024-05-12 11:32:00,1.6379231663356185e-07,2.0942992412481654e-08
2024-05-12 11:33:00,1.5442101400625195e-07,2.1215164232309888e-08
2024-05-12 11:34:00,1.459390310151848e-07,2.145797381110102e-08
2024-05-12 11:35:00,1.3826172467108994e-07,2.103871567201904e-08
2024-05-12 11:36:00,1.3131250686765054e-07,2.098922091665011e-08
2024-05-12 11:37:00,1.2502207785820924e-07,2.1083842463550405e-08
2024-05-12 11:38:00,1.1932773267681016e-07,2.141761984648451e-08
2024-05-12 11:39:00,1.1417273356200322e-07,2.1163944556719448e-08
2024-05-12 11:40:00,1.0950574210241895e-07,2.099708273727507e-08
2024-05-12 11:41:00,1.052803054208359e-07,2.1217186902733573e-08
2024-05-12 11:42:00,1.0145439125429691e-07,2.0867926457948143e-08
2024-05-12 11:43:00,9.798996727720194e-08,2.1250152710343532e-08
2024-05-12 11:44:00,9.485262045709946e-08,2.117572576508931e-08
2024-05-12 11:45:00,9.201121263356324e-08,2.100536430041763e-08
2024-05-12 11:46:00,8.94375688730711e-08,2.088784209869478e-08
2024-05-12 11:47:00,8.7106195480837e-08,2.087038590930683e-08
2024-05-12 11:48:00,8.499402484736432e-08,2.1174494582270075e-08
2024-05-12 11:49:00,8.308018457605862e-08,2.1344822474441858e-08
2024-05-12 11:50:00,8.134578858125214e-08,2.089634949086456e-08
2024-05-12 11:51:00,7.977374806587831e-08,2.11317583932194e-08
2024-05-12 11:52:00,7.834860048699773e-08,2.061365827179026e-08
2024-05-12 11:53:00,7.705635479740537e-08,2.0882715931516047e-08
2024-05-12 11:54:00,7.588435141444476e-08,2.0993450127664286e-08
2024-05-12 11:55:00,7.482113551455047e-08,2.0800823712344573e-08
2024-05-12 11:56:00,7.385634238540782e-08,2.078725919688692e-08
2024-05-12 11:57:00,7.298059368829593e-08,2.0832522651261e-08
2024-05-12 11:58:00,7.218540359237327e-08,2.103430973543019e-08
2024-05-12 11:59:00,7.146309384146552e-08,2.0917113979798484e-08
2024-05-12 12:00:00,7.080671690331623e-08,2.052242822769142e-08
2024-05-12 12:01:00,7.020998643215207e-08,2.053299243539391e-08
2024-05-12 12:02:00,6.9667214348609e-08,2.0802643464875395e-08
2024-05-12 12:03:00,7.010390130776253e-08,2.1031170392328756e-08
2024-05-12 12:04:00,6.872344818218159e-08,2.040931252884793e-08
2024-05-12 12:05:00,6.932987117211356e-08,2.0798961351634065e-08
2024-05-12 12:06:00,6.928245708250175e-08,2.0784737124750525e-08
2024-05-12 12:07:00,7.079044994173758e-08,2.1237134982521277e-08
2024-05-12 12:08:00,6.932300115741438e-08,2.079690034722431e-08
2024-05-12 12:09:00,6.986985956320839e-08,2.0960957868962516e-08
2024-05-12 12:10:00,6.965177322184515e-08,2.089553196655354e-08
2024-05-12 12:11:00,6.814731972188122e-08,2.0444195916564367e-08
2024-05-12 12:12:00,7.009597281299669e-08,2.1028791843899007e-08
2024-05-12 12:13:00,6.961961157419539e-08,2.088588347225862e-08
2024-05-12 12:14:00,6.982152774713323e-08,2.0946458324139966e-08
2024-05-12 12:15:00,7.34056333455343e-08,2.2021690003660285e-08
2024-05-12 12:16:00,6.802268127916064e-08,2.040680438374819e-08
2024-05-12 12:17:00,7.081090702068586e-08,2.124327210620576e-08
2024-05-12 12:18:00,6.909314634206709e-08,2.072794390262013e-08
2024-05-12 12:19:00,6.94937342977003e-08,2.0848120289310093e-08
2024-05-12 12:20:00,6.920876238242737e-08,2.076262871472821e-08
2024-05-12 12:21:00,6.890364791785605e-08,2.0671094375356814e-08
2024-05-12 12:22:00,6.87713051282726e-08,2.063139153848178e-08
2024-05-12 12:23:00,6.940315614644342e-08,2.0820946843933023e-08
2024-05-12 12:24:00,6.810089535796423e-08,2.043026860738927e-08
2024-05-12 12:25:00,6.968308468754493e-08,2.0904925406263478e-08
2024-05-12 12:26:00,6.875316728336623e-08,2.062595018500987e-08
2024-05-12 12:27:00,6.824457227794093e-08,2.0473371683382277e-08
2024-05-12 12:28:00,6.866610687296989e-08,2.059983206189097e-08
2024-05-12 12:29:00,6.999827674509781e-08,2.099948302352934e-08
2024-05-12 12:30:00,6.854291004429488e-08,2.0562873013288464e-08
2024-05-12 12:31:00,6.91728557579191e-08,2.075185672737573e-08
2024-05-12 12:32:00,6.834525108531741e-08,2.0503575325595226e-08
2024-05-12 12:33:00,6.943420742121103e-08,2.0830262226363308e-08
2024-05-12 12:34:00,6.934128175760293e-08,2.0802384527280878e-08
2024-05-12 12:35:00,7.03650215147271e-08,2.110950645441813e-08
2024-05-12 12:36:00,6.860467868135651e-08,2.0581403604406954e-08
2024-05-12 12:37:00,6.922938675738978e-08,2.0768816027216935e-08
2024-05-12 12:38:00,6.874311564647705e-08,2.0622934693943118e-08
2024-05-12 12:39:00,6.970883883800346e-08,2.0912651651401038e-08
2024-05-12 12:40:00,6.809188112954603e-08,2.0427564338863808e-08
2024-05-12 12:41:00,6.916092705157012e-08,2.0748278115471036e-08
2024-05-12 12:42:00,6.83925324324224e-08,2.0517759729726717e-08
2024-05-12 12:43:00,6.84551098197359e-08,2.0536532945920772e-08
2024-05-12 12:44:00,6.853877541247501e-08,2.0561632623742503e-08
2024-05-12 12:45:00,6.862864517096628e-08,2.058859355128988e-08
2024-05-12 12:46:00,6.831566930919466e-08,2.04947007927584e-08
2024-05-12 12:47:00,6.853187761049e-08,2.0559563283146997e-08
2024-05-12 12:48:00,6.966966528400345e-08,2.0900899585201038e-08
2024-05-12 12:49:00,6.909667316884258e-08,2.072900195065277e-08
2024-05-12 12:50:00,6.896224483528969e-08,2.06886734505869e-08
2024-05-12 12:51:00,6.790143745654609e-08,2.0370431236963828e-08
2024-05-12 12:52:00,6.757291251002906e-08,2.0271873753008717e-08
2024-05-12 12:53:00,6.893311814977441e-08,2.067993544493232e-08
2024-05-12 12:54:00,6.883030973268669e-08,2.0649092919806006e-08
2024-05-12 12:55:00,6.932942594300753e-08,2.0798827782902257e-08
2024-05-12 12:56:00,6.762553014765158e-08,2.0287659044295475e-08
2024-05-12 12:57:00,6.785443938964227e-08,2.035633181689268e-08
2024-05-12 12:58:00,6.689854899746058e-08,2.0069564699238172e-08
2024-05-12 12:59:00,6.766764002208748e-08,2.0300292006626243e-08
2024-05-12 13:00:00,6.872443824281272e-08,2.0617331472843813e-08
2024-05-12 13:01:00,6.754499908134908e-08,2.0263499724404723e-08
2024-05-12 13:02:00,6.835165514480508e-08,2.0505496543441522e-08
2024-05-12 13:03:00,6.767106040607072e-08,2.0301318121821218e-08
2024-05-12 13:04:00,6.802531315723854e-08,2.0407593947171564e-08
2024-05-12 13:05:00,6.694976564341104e-08,2.008492969302331e-08
2024-05-12 13:06:00,6.776898429546985e-08,2.0330695288640953e-08
2024-05-12 13:07:00,6.586110024375752e-08,1.9758330073127253e-08
2024-05-12 13:08:00,6.749444374214351e-08,2.0248333122643053e-08
2024-05-12 13:09:00,6.651172426863742e-08,1.9953517280591227e-08
2024-05-12 13:10:00,6.855174896740012e-08,2.0565524690220035e-08
2024-05-12 13:11:00,6.814234625179477e-08,2.044270387553843e-08
2024-05-12 13:12:00,6.785003914919344e-08,2.0355011744758033e-08
2024-05-12 13:13:00,6.873233308687349e-08,2.0619699926062043e-08
2024-05-12 13:14:00,6.675096858689584e-08,2.002529057606875e-08
2024-05-12 13:15:00,6.88759097407739e-08,2.066277292223217e-08
2024-05-12 13:16:00,6.80911591779827e-08,2.0427347753394808e-08
2024-05-12 13:17:00,6.712955183292641e-08,2.013886554987792e-08
2024-05-12 13:18:00,6.819540345338562e-08,2.0458621036015685e-08
2024-05-12 13:19:00,6.646520899123581e-08,1.9939562697370743e-08
2024-05-12 13:20:00,6.661086809672831e-08,1.9983260429018496e-08
2024-05-12 13:21:00,6.671902372662832e-08,2.0015707117988495e-08
2024-05-12 13:22:00,6.673646734707778e-08,2.0020940204123335e-08
2024-05-12 13:23:00,6.634757940571752e-08,1.9904273821715257e-08
2024-05-12 13:24:00,6.80496788626274e-08,2.0414903658788216e-08
2024-05-12 13:25:00,6.681475372994407e-08,2.0044426118983222e-08
2024-05-12 13:26:00,6.723892121333839e-08,2.0171676364001513e-08
2024-05-12 13:27:00,6.651961661735336e-08,1.9955884985206007e-08
2024-05-12 13:28:00,6.569678823406269e-08,1.9709036470218806e-08
2024-05-12 13:29:00,6.706035738623618e-08,2.011810721587085e-08
2024-05-12 13:30:00,6.556872117566533e-08,1.9670616352699597e-08
2024-05-12 13:31:00,6.672615605545424e-08,2.0017846816636268e-08
2024-05-12 13:32:00,6.581132222489487e-08,1.9743396667468458e-08
2024-05-12 13:33:00,6.843715600390566e-08,2.05311468011717e-08
2024-05-12 13:34:00,6.739473027080015e-08,2.0218419081240046e-08
2024-05-12 13:35:00,6.67036995139014e-08,2.0011109854170415e-08
2024-05-12 13:36:00,6.762869844925258e-08,2.028860953477577e-08
2024-05-12 13:37:00,6.595033272758724e-08,1.9785099818276172e-08
2024-05-12 13:38:00,6.693233214342005e-08,2.0079699643026013e-08
2024-05-12 13:39:00,6.662090459946373e-08,1.998627137983912e-08
2024-05-12 13:40:00,6.663181520181456e-08,1.9989544560544368e-08
2024-05-12 13:41:00,6.744220083021975e-08,2.0232660249065926e-08
2024-05-12 13:42:00,6.693236358373597e-08,2.007970907512079e-08
2024-05-12 13:43:00,6.653378093525933e-08,1.99601342805778e-08
2024-05-12 13:44:00,6.517409343606178e-08,1.9552228030818535e-08
2024-05-12 13:45:00,6.556325417637883e-08,1.966897625291365e-08
2024-05-12 13:46:00,6.610321826272094e-08,1.9830965478816283e-08
2024-05-12 13:47:00,6.622541364600536e-08,1.9867624093801605e-08
2024-05-12 13:48:00,6.533560134061117e-08,1.9600680402183352e-08
2024-05-12 13:49:00,6.825483377528722e-08,2.0476450132586162e-08
2024-05-12 13:50:00,6.731290301598404e-08,2.0193870904795208e-08
2024-05-12 13:51:00,6.64686546806449e-08,1.9940596404193468e-08
2024-05-12 13:52:00,6.60104608100018e-08,1.980313824300054e-08
2024-05-12 13:53:00,6.575950946898316e-08,1.9727852840694946e-08
2024-05-12 13:54:00,6.521079404197737e-08,1.9563238212593214e-08
2024-05-12 13:55:00,6.589442231030706e-08,1.9768326693092117e-08
2024-05-12 13:56:00,6.599286764337497e-08,1.979786029301249e-08
2024-05-12 13:57:00,6.490576006372499e-08,1.9471728019117497e-08
2024-05-12 13:58:00,6.597215581264943e-08,1.979164674379483e-08
2024-05-12 13:59:00,6.555961113856736e-08,1.9667883341570205e-08
2024-05-12 14:00:00,6.438988230937432e-08,1.9316964692812294e-08
2024-05-12 14:01:00,6.498825823383788e-08,1.9496477470151363e-08
2024-05-12 14:02:00,6.525222365695867e-08,1.9575667097087604e-08
2024-05-12 14:03:00,6.714883129808381e-08,2.014464938942514e-08
2024-05-12 14:04:00,6.590684051834922e-08,1.9772052155504767e-08
2024-05-12 14:05:00,6.452298994955338e-08,1.9356896984866012e-08
2024-05-12 14:06:00,6.576787806938387e-08,1.9730363420815162e-08
2024-05-12 14:07:00,6.43130957189284e-08,1.929392871567852e-08
2024-05-12 14:08:00,6.618936100322856e-08,1.9856808300968566e-08
2024-05-12 14:09:00,6.49254131176891e-08,1.9477623935306727e-08
2024-05-12 14:10:00,6.51556313757255e-08,1.954668941271765e-08
2024-05-12 14:11:00,6.628422193542685e-08,1.9885266580628057e-08
2024-05-12 14:12:00,6.426488538731315e-08,1.927946561619395e-08
2024-05-12 14:13:00,6.415606532111e-08,1.9246819596333e-08
2024-05-12 14:14:00,6.464084727674212e-08,1.9392254183022635e-08
2024-05-12 14:15:00,6.586112519708919e-08,1.9758337559126755e-08
2024-05-12 14:16:00,6.395784237641104e-08,1.9187352712923314e-08
2024-05-12 14:17:00,6.320460906529973e-08,1.8961382719589918e-08
2024-05-12 14:18:00,6.45662979510689e-08,1.936988938532067e-08
2024-05-12 14:19:00,6.52831097925753e-08,1.9584932937772584e-08
2024-05-12 14:20:00,6.579618499657196e-08,1.9738855498971587e-08
2024-05-12 14:21:00,6.443238756386689e-08,1.9329716269160062e-08
2024-05-12 14:22:00,6.442676787133808e-08,1.9328030361401422e-08
2024-05-12 14:23:00,6.562882792390884e-08,1.9688648377172653e-08
2024-05-12 14:24:00,6.341909001526761e-08,1.9025727004580284e-08
2024-05-12 14:25:00,6.431671488268007e-08,1.9295014464804016e-08
2024-05-12 14:26:00,6.470245885308583e-08,1.9410737655925747e-08
2024-05-12 14:27:00,6.48638524176084e-08,1.9459155725282518e-08
2024-05-12 14:28:00,6.410491542328415e-08,1.9231474626985246e-08
2024-05-12 14:29:00,6.445654556272184e-08,1.933696366881655e-08
2024-05-12 14:30:00,6.283069126773345e-08,1.8849207380320032e-08
2024-05-12 14:31:00,6.387564495302909e-08,1.9162693485908728e-08
2024-05-12 14:32:00,6.465517177656937e-08,1.939655153297081e-08
2024-05-12 14:33:00,6.357559724048681e-08,1.9072679172146045e-08
2024-05-12 14:34:00,6.426240028415773e-08,1.927872008524732e-08
2024-05-12 14:35:00,6.452190769323558e-08,1.9356572307970673e-08
2024-05-12 14:36:00,6.388208796712054e-08,1.9164626390136162e-08
2024-05-12 14:37:00,6.421920035215175e-08,1.9265760105645524e-08
2024-05-12 14:38:00,6.337450895394646e-08,1.901235268618394e-08
2024-05-12 14:39:00,6.385135103870678e-08,1.9155405311612035e-08
2024-05-12 14:40:00,6.444023150510969e-08,1.9332069451532905e-08
2024-05-12 14:41:00,6.403708280271229e-08,1.9211124840813686e-08
2024-05-12 14:42:00,6.345378925990613e-08,1.903613677797184e-08
2024-05-12 14:43:00,6.400279992165045e-08,1.9200839976495136e-08
2024-05-12 14:44:00,6.435435119370952e-08,1.9306305358112853e-08
2024-05-12 14:45:00,6.242184882629381e-08,1.8726554647888146e-08
2024-05-12 14:46:00,6.465159300060978e-08,1.9395477900182934e-08
2024-05-12 14:47:00,6.341289659463414e-08,1.902386897839024e-08
2024-05-12 14:48:00,6.394499880410237e-08,1.9183499641230706e-08
2024-05-12 14:49:00,6.455569056090872e-08,1.9366707168272617e-08
2024-05-12 14:50:00,6.25988051889657e-08,1.8779641556689708e-08
2024-05-12 14:51:00,6.2980384545259e-08,1.8894115363577696e-08
2024-05-12 14:52:00,6.32297979446306e-08,1.8968939383389178e-08
2024-05-12 14:53:00,6.284343112567189e-08,1.8853029337701567e-08
2024-05-12 14:54:00,6.484059054134277e-08,1.9452177162402826e-08
2024-05-12 14:55:00,6.270770677319923e-08,1.8812312031959768e-08
2024-05-12 14:56:00,6.286722154459005e-08,1.8860166463377015e-08
2024-05-12 14:57:00,6.337890153429443e-08,1.9013670460288326e-08
2024-05-12 14:58:00,6.235444063574281e-08,1.8706332190722847e-08
2024-05-12 14:59:00,6.284746904127401e-08,1.8854240712382202e-08
2024-05-12 15:00:00,6.333556182308506e-08,1.9000668546925517e-08
2024-05-12 15:01:00,6.280427368197796e-08,1.884128210459339e-08
2024-05-12 15:02:00,6.29342742586608e-08,1.888028227759824e-08
2024-05-12 15:03:00,6.25781763281319e-08,1.877345289843957e-08
2024-05-12 15:04:00,6.189970641308522e-08,1.8569911923925567e-08
2024-05-12 15:05:00,6.311880902367995e-08,1.8935642707103984e-08
2024-05-12 15:06:00,6.433327839322691e-08,1.929998351796807e-08
2024-05-12 15:07:00,6.27972486228127e-08,1.8839174586843812e-08
2024-05-12 15:08:00,6.291107068196399e-08,1.8873321204589198e-08
2024-05-12 15:09:00,6.324250103203915e-08,1.8972750309611745e-08
2024-05-12 15:10:00,6.178388578028383e-08,1.8535165734085147e-08
2024-05-12 15:11:00,6.40611839458909e-08,1.921835518376727e-08
2024-05-12 15:12:00,6.271617906142354e-08,1.881485371842706e-08
2024-05-12 15:13:00,6.390442855108448e-08,1.9171328565325345e-08
2024-05-12 15:14:00,6.195270540751608e-08,1.8585811622254823e-08
2024-05-12 15:15:00,6.399648756282031e-08,1.9198946268846095e-08
2024-05-12 15:16:00,6.300094022084501e-08,1.8900282066253505e-08
2024-05-12 15:17:00,6.277239367046748e-08,1.8831718101140246e-08
2024-05-12 15:18:00,6.24740247236039e-08,1.874220741708117e-08
2024-05-12 15:19:00,6.206785884010447e-08,1.862035765203134e-08
2024-05-12 15:20:00,6.319279141172036e-08,1.8957837423516107e-08
2024-05-12 15:21:00,6.226798618677148e-08,1.8680395856031444e-08
2024-05-12 15:22:00,6.083937639601691e-08,1.8251812918805073e-08
2024-05-12 15:23:00,6.13008107212206e-08,1.8390243216366178e-08
2024-05-12 15:24:00,6.189008286161479e-08,1.8567024858484437e-08
2024-05-12 15:25:00,6.222078848477985e-08,1.8666236545433955e-08
2024-05-12 15:26:00,6.189576584659785e-08,1.8568729753979352e-08
2024-05-12 15:27:00,6.289637411797807e-08,1.8868912235393418e-08
2024-05-12 15:28:00,6.057976283050851e-08,1.8173928849152556e-08
2024-05-12 15:29:00,6.1912410500735e-08,1.85737231502205e-08
2024-05-12 15:30:00,6.056529123915656e-08,1.816958737174697e-08
2024-05-12 15:31:00,6.231728922231753e-08,1.869518676669526e-08
2024-05-12 15:32:00,6.15984978237948e-08,1.847954934713844e-08
2024-05-12 15:33:00,6.194871250759104e-08,1.8584613752277313e-08
2024-05-12 15:34:00,6.097122426170028e-08,1.8291367278510084e-08
2024-05-12 15:35:00,6.25917800158575e-08,1.8777534004757246e-08
2024-05-12 15:36:00,6.233453402892639e-08,1.8700360208677913e-08
2024-05-12 15:37:00,6.190122982898147e-08,1.8570368948694442e-08
2024-05-12 15:38:00,6.13025783036324e-08,1.839077349108972e-08
2024-05-12 15:39:00,6.18080568701036e-08,1.8542417061031075e-08
2024-05-12 15:40:00,6.080555163619486e-08,1.8241665490858456e-08
2024-05-12 15:41:00,6.194811053450873e-08,1.858443316035262e-08
2024-05-12 15:42:00,6.262189914363096e-08,1.8786569743089286e-08
2024-05-12 15:43:00,6.204415813214955e-08,1.8613247439644866e-08
2024-05-12 15:44:00,6.060962128193852e-08,1.8182886384581557e-08
2024-05-12 15:45:00,6.136128144264998e-08,1.8408384432794997e-08
2024-05-12 15:46:00,6.015591943648695e-08,1.8046775830946085e-08
2024-05-12 15:47:00,6.144052989924438e-08,1.8432158969773312e-08
2024-05-12 15:48:00,6.129664496131467e-08,1.8388993488394398e-08
2024-05-12 15:49:00,5.967886717264212e-08,1.7903660151792635e-08
2024-05-12 15:50:00,6.00568016425755e-08,1.8017040492772648e-08
2024-05-12 15:51:00,6.06032255262649e-08,1.818096765787947e-08
2024-05-12 15:52:00,6.05451815323115e-08,1.816355445969345e-08
2024-05-12 15:53:00,5.989089137624775e-08,1.7967267412874326e-08
2024-05-12 15:54:00,6.097553410572397e-08,1.8292660231717193e-08
2024-05-12 15:55:00,6.082196332955625e-08,1.8246588998866874e-08
2024-05-12 15:56:00,6.044077770921512e-08,1.8132233312764538e-08
2024-05-12 15:57:00,6.000309270287407e-08,1.800092781086222e-08
2024-05-12 15:58:00,6.134535091519792e-08,1.8403605274559377e-08
2024-05-12 15:59:00,6.185745969495487e-08,1.855723790848646e-08
2024-05-12 16:00:00,6.00529094464028e-08,1.801587283392084e-08
2024-05-12 16:01:00,5.991862598148542e-08,1.7975587794445624e-08
2024-05-12 16:02:00,6.06941718574151e-08,1.820825155722453e-08
2024-05-12 16:03:00,6.000495737834837e-08,1.800148721350451e-08
2024-05-12 16:04:00,6.011746659246812e-08,1.8035239977740437e-08
2024-05-12 16:05:00,6.07621366265605e-08,1.822864098796815e-08
2024-05-12 16:06:00,5.8884766017850596e-08,1.7665429805355178e-08
2024-05-12 16:07:00,6.117773528418606e-08,1.835332058525582e-08
2024-05-12 16:08:00,6.009378341194153e-08,1.802813502358246e-08
2024-05-12 16:09:00,5.969417911388934e-08,1.79082537341668e-08
2024-05-12 16:10:00,5.988147352525936e-08,1.7964442057577806e-08
2024-05-12 16:11:00,5.987433422654926e-08,1.7962300267964778e-08
2024-05-12 16:12:00,5.871339803831461e-08,1.761401941149438e-08
2024-05-12 16:13:00,6.106823691819922e-08,1.832047107545977e-08
2024-05-12 16:14:00,5.979693024420004e-08,1.793907907326001e-08
2024-05-12 16:15:00,6.006383877118494e-08,1.801915163135548e-08
2024-05-12 16:16:00,6.044186113286747e-08,1.813255833986024e-08
2024-05-12 16:17:00,5.8919108144832345e-08,1.76757324434497e-08
2024-05-12 16:18:00,5.995167476957204e-08,1.7985502430871608e-08
2024-05-12 16:19:00,5.9341349099059766e-08,1.7802404729717927e-08
2024-05-12 16:20:00,6.016972266364448e-08,1.8050916799093344e-08
2024-05-12 16:21:00,5.808106429647321e-08,1.742431928894196e-08
2024-05-12 16:22:00,5.9327663322043576e-08,1.7798298996613074e-08
2024-05-12 16:23:00,5.892359883548441e-08,1.7677079650645323e-08
2024-05-12 16:24:00,5.96452556674704e-08,1.7893576700241117e-08
2024-05-12 16:25:00,5.96300170671322e-08,1.788900512013966e-08
2024-05-12 16:26:00,5.87156770257489e-08,1.7614703107724668e-08
2024-05-12 16:27:00,5.8667053854147295e-08,1.7600116156244187e-08
2024-05-12 16:28:00,5.9045774939708396e-08,1.771373248191252e-08
2024-05-12 16:29:00,5.845331611654619e-08,1.7535994834963856e-08
2024-05-12 16:30:00,5.971008361445212e-08,1.7913025084335637e-08
2024-05-12 16:31:00,5.8722059781358026e-08,1.7616617934407405e-08
2024-05-12 16:32:00,5.7178825319750265e-08,1.7153647595925076e-08
2024-05-12 16:33:00,5.862699196239187e-08,1.758809758871756e-08
2024-05-12 16:34:00,5.813354582718775e-08,1.7440063748156326e-08
2024-05-12 16:35:00,5.7724014229750824e-08,1.7317204268925246e-08
2024-05-12 16:36:00,5.791672749676731e-08,1.7375018249030195e-08
2024-05-12 16:37:00,5.8800968909842744e-08,1.764029067295282e-08
2024-05-12 16:38:00,5.977543698926058e-08,1.793263109677817e-08
2024-05-12 16:39:00,5.886770442731918e-08,1.7660311328195754e-08
2024-05-12 16:40:00,5.8146909728014e-08,1.74440729184042e-08
2024-05-12 16:41:00,5.8890105360827106e-08,1.7667031608248128e-08
2024-05-12 16:42:00,5.815799775464732e-08,1.7447399326394196e-08
2024-05-12 16:43:00,5.7950518749571046e-08,1.7385155624871312e-08
2024-05-12 16:44:00,5.760481698034577e-08,1.728144509410373e-08
2024-05-12 16:45:00,5.719889385137588e-08,1.7159668155412764e-08
2024-05-12 16:46:00,5.802481001454403e-08,1.740744300436321e-08
2024-05-12 16:47:00,5.838337916849996e-08,1.7515013750549984e-08
2024-05-12 16:48:00,5.814604570690014e-08,1.7443813712070043e-08
2024-05-12 16:49:00,5.7870127991558346e-08,1.7361038397467505e-08
2024-05-12 16:50:00,5.746586494571117e-08,1.7239759483713352e-08
2024-05-12 16:51:00,5.855940371025707e-08,1.756782111307712e-08
2024-05-12 16:52:00,5.71399887475085e-08,1.714199662425255e-08
2024-05-12 16:53:00,5.8608249541811865e-08,1.7582474862543557e-08
2024-05-12 16:54:00,5.724774775934107e-08,1.717432432780232e-08
2024-05-12 16:55:00,5.736664551672505e-08,1.7209993655017514e-08
2024-05-12 16:56:00,5.686747863036902e-08,1.7060243589110707e-08
2024-05-12 16:57:00,5.7447377329622126e-08,1.7234213198886637e-08
2024-05-12 16:58:00,5.8552028185199085e-08,1.7565608455559724e-08
2024-05-12 16:59:00,5.812110759563775e-08,1.7436332278691324e-08
2024-05-12 17:00:00,5.8464161264142865e-08,1.7539248379242858e-08
2024-05-12 17:01:00,5.803585265682916e-08,1.7410755797048746e-08
2024-05-12 17:02:00,5.6820393072913944e-08,1.704611792187418e-08
2024-05-12 17:03:00,5.729599243320132e-08,1.7188797729960395e-08
2024-05-12 17:04:00,5.694061227221765e-08,1.7082183681665295e-08
2024-05-12 17:05:00,5.85521131436423e-08,1.756563394309269e-08
2024-05-12 17:06:00,5.658081324925781e-08,1.697424397477734e-08
2024-05-12 17:07:00,5.8074568877291357e-08,1.7422370663187405e-08
2024-05-12 17:08:00,5.802879191475188e-08,1.7408637574425565e-08
2024-05-12 17:09:00,5.884602108854795e-08,1.7653806326564383e-08
2024-05-12 17:10:00,5.6923917942150146e-08,1.7077175382645044e-08
2024-05-12 17:11:00,5.774067834406564e-08,1.732220350321969e-08
2024-05-12 17:12:00,5.9172335761290065e-08,1.7751700728387017e-08
2024-05-12 17:13:00,5.6644328962426356e-08,1.6993298688727907e-08
2024-05-12 17:14:00,5.6013380904452684e-08,1.6804014271335805e-08
2024-05-12 17:15:00,5.576809436381641e-08,1.6730428309144923e-08
2024-05-12 17:16:00,5.751590771035822e-08,1.7254772313107467e-08
2024-05-12 17:17:00,5.5676387256783136e-08,1.670291617703494e-08
2024-05-12 17:18:00,5.659028347885576e-08,1.6977085043656728e-08
2024-05-12 17:19:00,5.715594071399659e-08,1.7146782214198973e-08
2024-05-12 17:20:00,5.691290181250601e-08,1.70738705437518e-08
2024-05-12 17:21:00,5.7056696247893875e-08,1.7117008874368163e-08
2024-05-12 17:22:00,5.685190083067739e-08,1.7055570249203217e-08
2024-05-12 17:23:00,5.7694880940307616e-08,1.7308464282092284e-08
2024-05-12 17:24:00,5.5927201378453126e-08,1.6778160413535935e-08
2024-05-12 17:25:00,5.606518932925048e-08,1.6819556798775143e-08
2024-05-12 17:26:00,5.5956093859376184e-08,1.6786828157812857e-08
2024-05-12 17:27:00,5.71216282829801e-08,1.713648848489403e-08
2024-05-12 17:28:00,5.7136895222133656e-08,1.7141068566640097e-08
2024-05-12 17:29:00,5.671934427080839e-08,1.7015803281242515e-08
2024-05-12 17:30:00,5.729586125556095e-08,1.7188758376668284e-08
2024-05-12 17:31:00,5.547010252518067e-08,1.66410307575542e-08
2024-05-12 17:32:00,5.765605924503687e-08,1.729681777351106e-08
2024-05-12 17:33:00,5.7474324723184984e-08,1.7242297416955494e-08
2024-05-12 17:34:00,5.672963274143564e-08,1.701888982243069e-08
2024-05-12 17:35:00,5.763379904919349e-08,1.7290139714758045e-08
2024-05-12 17:36:00,5.4957247029186125e-08,1.6487174108755837e-08
2024-05-12 17:37:00,5.5634677148920516e-08,1.6690403144676154e-08
2024-05-12 17:38:00,5.544638443234497e-08,1.663391532970349e-08
2024-05-12 17:39:00,5.6495639992469595e-08,1.6948691997740877e-08
2024-05-12 17:40:00,5.515111760069767e-08,1.6545335280209303e-08
2024-05-12 17:41:00,5.6437168947515266e-08,1.693115068425458e-08
2024-05-12 17:42:00,5.693242336148816e-08,1.7079727008446448e-08
2024-05-12 17:43:00,5.629654594223001e-08,1.6888963782669003e-08
2024-05-12 17:44:00,5.59201799429834e-08,1.6776053982895018e-08
2024-05-12 17:45:00,5.496996564996974e-08,1.6490989694990922e-08
2024-05-12 17:46:00,5.5017987758647523e-08,1.6505396327594256e-08
2024-05-12 17:47:00,5.660113149751337e-08,1.698033944925401e-08
2024-05-12 17:48:00,5.614629081032105e-08,1.6843887243096314e-08
2024-05-12 17:49:00,5.545301474995912e-08,1.6635904424987737e-08
2024-05-12 17:50:00,5.51343693639903e-08,1.6540310809197088e-08
2024-05-12 17:51:00,5.4083979657330144e-08,1.6225193897199043e-08
2024-05-12 17:52:00,5.460830007257891e-08,1.638249002177367e-08
2024-05-12 17:53:00,5.6966554578226936e-08,1.708996637346808e-08
2024-05-12 17:54:00,5.4388724976462655e-08,1.6316617492938798e-08
2024-05-12 17:55:00,5.536278374584427e-08,1.6608835123753284e-08
2024-05-12 17:56:00,5.5990495279026155e-08,1.6797148583707843e-08
2024-05-12 17:57:00,5.427315546937367e-08,1.62819466408121e-08
2024-05-12 17:58:00,5.52278120071231e-08,1.656834360213693e-08
2024-05-12 17:59:00,5.579897565903246e-08,1.6739692697709738e-08
2024-05-12 18:00:00,5.5009383285034236e-08,1.650281498551027e-08
2024-05-12 18:01:00,5.7644675699500755e-08,1.7293402709850225e-08
2024-05-12 18:02:00,5.380568538959891e-08,1.614170561687967e-08
2024-05-12 18:03:00,5.572984505655363e-08,1.6718953516966086e-08
2024-05-12 18:04:00,5.4697839190509955e-08,1.6409351757152985e-08
2024-05-12 18:05:00,5.539610601654454e-08,1.661883180496336e-08
2024-05-12 18:06:00,5.5081078967842286e-08,1.6524323690352684e-08
2024-05-12 18:07:00,5.4174809043997785e-08,1.6252442713199334e-08
2024-05-12 18:08:00,5.4826912147705715e-08,1.6448073644311714e-08
2024-05-12 18:09:00,5.339277395112365e-08,1.6017832185337096e-08
2024-05-12 18:10:00,5.503916408352819e-08,1.6511749225058456e-08
2024-05-12 18:11:00,5.475110666436491e-08,1.6425331999309473e-08
2024-05-12 18:12:00,5.498192776137269e-08,1.6494578328411807e-08
2024-05-12 18:13:00,5.52961425363057e-08,1.6588842760891708e-08
2024-05-12 18:14:00,5.467647638889055e-08,1.6402942916667168e-08
2024-05-12 18:15:00,5.4462281380955704e-08,1.633868441428671e-08
2024-05-12 18:16:00,5.368797095814206e-08,1.6106391287442617e-08
2024-05-12 18:17:00,5.3757386125181305e-08,1.612721583755439e-08
2024-05-12 18:18:00,5.519527889723142e-08,1.6558583669169424e-08
2024-05-12 18:19:00,5.538032049955025e-08,1.6614096149865073e-08
2024-05-12 18:20:00,5.395995909933089e-08,1.6187987729799264e-08
2024-05-12 18:21:00,5.4127227901117253e-08,1.6238168370335176e-08
2024-05-12 18:22:00,5.3415424397779465e-08,1.602462731933384e-08
2024-05-12 18:23:00,5.496884844767033e-08,1.6490654534301098e-08
2024-05-12 18:24:00,5.448934406196231e-08,1.634680321858869e-08
2024-05-12 18:25:00,5.5611967273567106e-08,1.668359018207013e-08
2024-05-12 18:26:00,5.326217354118899e-08,1.5978652062356695e-08
2024-05-12 18:27:00,5.356123799948389e-08,1.6068371399845166e-08
2024-05-12 18:28:00,5.3971025494026916e-08,1.6191307648208074e-08
2024-05-12 18:29:00,5.42611317800016e-08,1.627833953400048e-08
2024-05-12 18:30:00,5.355044476044721e-08,1.6065133428134164e-08
2024-05-12 18:31:00,5.3053619373101537e-08,1.5916085811930458e-08
2024-05-12 18:32:00,5.433175825410493e-08,1.6299527476231478e-08
2024-05-12 18:33:00,5.415397388293072e-08,1.6246192164879215e-08
2024-05-12 18:34:00,5.2898537791838484e-08,1.5869561337551545e-08
2024-05-12 18:35:00,5.4625782035308574e-08,1.6387734610592573e-08
2024-05-12 18:36:00,5.4415789598292826e-08,1.6324736879487846e-08
2024-05-12 18:37:00,5.351611593575343e-08,1.6054834780726027e-08
2024-05-12 18:38:00,5.343244825846052e-08,1.6029734477538154e-08
2024-05-12 18:39:00,5.376376124043092e-08,1.6129128372129274e-08
2024-05-12 18:40:00,5.268232906185784e-08,1.580469871855735e-08
2024-05-12 18:41:00,5.326932672212076e-08,1.5980798016636224e-08
2024-05-12 18:42:00,5.1825358622889683e-08,1.5547607586866905e-08
2024-05-12 18:43:00,5.386575500105199e-08,1.6159726500315597e-08
2024-05-12 18:44:00,5.2077492617551573e-08,1.562324778526547e-08
2024-05-12 18:45:00,5.4344771521891923e-08,1.6303431456567576e-08
2024-05-12 18:46:00,5.279681243508563e-08,1.583904373052569e-08
2024-05-12 18:47:00,5.284059532456617e-08,1.585217859736985e-08
2024-05-12 18:48:00,5.250606908373552e-08,1.5751820725120653e-08
2024-05-12 18:49:00,5.270253977100772e-08,1.5810761931302315e-08
2024-05-12 18:50:00,5.405816675442118e-08,1.6217450026326353e-08
2024-05-12 18:51:00,5.1274033755703446e-08,1.5382210126711033e-08
2024-05-12 18:52:00,5.384563751344806e-08,1.6153691254034417e-08
2024-05-12 18:53:00,5.300889524653493e-08,1.590266857396048e-08
2024-05-12 18:54:00,5.187964774769884e-08,1.5563894324309654e-08
2024-05-12 18:55:00,5.192179707089823e-08,1.557653912126947e-08
2024-05-12 18:56:00,5.405506233269498e-08,1.6216518699808494e-08
2024-05-12 18:57:00,5.192343935031906e-08,1.557703180509572e-08
2024-05-12 18:58:00,5.1749327303398815e-08,1.5524798191019644e-08
2024-05-12 18:59:00,5.3432841794939116e-08,1.6029852538481735e-08
2024-05-12 19:00:00,5.272243265096243e-08,1.581672979528873e-08
2024-05-12 19:01:00,5.176499706712905e-08,1.5529499120138716e-08
2024-05-12 19:02:00,5.2545631383846226e-08,1.5763689415153868e-08
2024-05-12 19:03:00,5.1626793641155237e-08,1.548803809234657e-08
2024-05-12 19:04:00,5.3196946429630224e-08,1.5959083928889067e-08
2024-05-12 19:05:00,5.312161490163991e-08,1.593648447049197e-08
2024-05-12 19:06:00,5.2633599470619276e-08,1.5790079841185783e-08
2024-05-12 19:07:00,5.245656054598914e-08,1.5736968163796743e-08
2024-05-12 19:08:00,5.3649261806827754e-08,1.6094778542048324e-08
2024-05-12 19:09:00,5.209692113111646e-08,1.5629076339334936e-08
2024-05-12 19:10:00,5.1244632142438406e-08,1.537338964273152e-08
2024-05-12 19:11:00,5.236545260772474e-08,1.570963578231742e-08
2024-05-12 19:12:00,5.381356714361477e-08,1.614407014308443e-08
2024-05-12 19:13:00,5.123054824896073e-08,1.5369164474688218e-08
2024-05-12 19:14:00,5.163263662199001e-08,1.5489790986597002e-08
2024-05-12 19:15:00,5.217886088752314e-08,1.565365826625694e-08
2024-05-12 19:16:00,5.1776408214248e-08,1.5532922464274398e-08
2024-05-12 19:17:00,5.109182159564574e-08,1.5327546478693723e-08
2024-05-12 19:18:00,5.265340387631047e-08,1.579602116289314e-08
2024-05-12 19:19:00,5.377856662859624e-08,1.6133569988578872e-08
2024-05-12 19:20:00,5.180699644180858e-08,1.5542098932542574e-08
2024-05-12 19:21:00,5.0984038647715144e-08,1.5295211594314543e-08
2024-05-12 19:22:00,5.054196353903386e-08,1.5162589061710158e-08
2024-05-12 19:23:00,5.173640526125456e-08,1.552092157837637e-08
2024-05-12 19:24:00,5.2400123049131764e-08,1.572003691473953e-08
2024-05-12 19:25:00,5.182976782964742e-08,1.5548930348894224e-08
2024-05-12 19:26:00,5.141930170403705e-08,1.5425790511211113e-08
2024-05-12 19:27:00,5.0958901999083135e-08,1.528767059972494e-08
2024-05-12 19:28:00,5.0587185929646715e-08,1.5176155778894013e-08
2024-05-12 19:29:00,5.197058623142639e-08,1.559117586942792e-08
2024-05-12 19:30:00,5.199912708487641e-08,1.5599738125462924e-08
2024-05-12 19:31:00,5.0190931053287435e-08,1.505727931598623e-08
2024-05-12 19:32:00,5.2533305834391006e-08,1.57599917503173e-08
2024-05-12 19:33:00,5.159753647442352e-08,1.5479260942327055e-08
2024-05-12 19:34:00,5.2277141963471894e-08,1.568314258904157e-08
2024-05-12 19:35:00,5.01586730299696e-08,1.5047601908990878e-08
2024-05-12 19:36:00,5.010552084324733e-08,1.50316562529742e-08
2024-05-12 19:37:00,5.088269969868395e-08,1.5264809909605184e-08
2024-05-12 19:38:00,5.134634281395953e-08,1.5403902844187858e-08
2024-05-12 19:39:00,5.24624664788633e-08,1.573873994365899e-08
2024-05-12 19:40:00,5.143645121307194e-08,1.543093536392158e-08
2024-05-12 19:41:00,5.066077266043443e-08,1.5198231798130326e-08
2024-05-12 19:42:00,5.008780643139564e-08,1.502634192941869e-08
2024-05-12 19:43:00,5.177615079925157e-08,1.553284523977547e-08
2024-05-12 19:44:00,5.00513258253484e-08,1.5015397747604517e-08
2024-05-12 19:45:00,5.207033126302209e-08,1.5621099378906626e-08
2024-05-12 19:46:00,5.04400904549727e-08,1.513202713649181e-08
2024-05-12 19:47:00,5.1958242408202236e-08,1.558747272246067e-08
2024-05-12 19:48:00,5.110914244712744e-08,1.5332742734138232e-08
2024-05-12 19:49:00,5.0433624542295605e-08,1.513008736268868e-08
2024-05-12 19:50:00,5.0122840960384604e-08,1.5036852288115382e-08
2024-05-12 19:51:00,5.021069134153143e-08,1.5063207402459427e-08
2024-05-12 19:52:00,5.07541391542752e-08,1.5226241746282558e-08
2024-05-12 19:53:00,5.044304186025827e-08,1.513291255807748e-08
2024-05-12 19:54:00,4.992128697922009e-08,1.4976386093766026e-08
2024-05-12 19:55:00,5.0187311158300453e-08,1.5056193347490136e-08
2024-05-12 19:56:00,5.033197140861054e-08,1.509959142258316e-08
2024-05-12 19:57:00,4.88686952482433e-08,1.4660608574472989e-08
2024-05-12 19:58:00,5.055397696513591e-08,1.5166193089540773e-08
2024-05-12 19:59:00,4.947781068266348e-08,1.4843343204799042e-08
2024-05-12 20:00:00,4.932981079774144e-08,1.4798943239322432e-08
2024-05-12 20:01:00,4.8969098283121164e-08,1.4690729484936348e-08
2024-05-12 20:02:00,4.8870650409744786e-08,1.4661195122923435e-08
2024-05-12 20:03:00,4.909352265917491e-08,1.4728056797752474e-08
2024-05-12 20:04:00,4.947220202273189e-08,1.4841660606819567e-08
2024-05-12 20:05:00,5.164211734623809e-08,1.5492635203871428e-08
2024-05-12 20:06:00,4.9524104867441294e-08,1.4857231460232387e-08
2024-05-12 20:07:00,5.000191798273462e-08,1.5000575394820384e-08
2024-05-12 20:08:00,5.0139901700449934e-08,1.5041970510134983e-08
2024-05-12 20:09:00,4.989320144148881e-08,1.4967960432446642e-08
2024-05-12 20:10:00,4.969984891921652e-08,1.4909954675764954e-08
2024-05-12 20:11:00,4.890063271437329e-08,1.4670189814311987e-08
2024-05-12 20:12:00,5.090083276334129e-08,1.5270249829002386e-08
2024-05-12 20:13:00,5.120591769200589e-08,1.5361775307601768e-08
2024-05-12 20:14:00,4.8497647430145134e-08,1.454929422904354e-08
2024-05-12 20:15:00,4.8865054140406694e-08,1.4659516242122009e-08
2024-05-12 20:16:00,4.933557938066308e-08,1.4800673814198924e-08
2024-05-12 20:17:00,4.8831755910081634e-08,1.464952677302449e-08
2024-05-12 20:18:00,4.9863750256285107e-08,1.495912507688553e-08
2024-05-12 20:19:00,4.891639156156918e-08,1.4674917468470753e-08
2024-05-12 20:20:00,5.131668814373691e-08,1.5395006443121073e-08
2024-05-12 20:21:00,5.034027339228082e-08,1.5102082017684246e-08
2024-05-12 20:22:00,4.9489200539396634e-08,1.484676016181899e-08
2024-05-12 20:23:00,5.012454237657415e-08,1.5037362712972246e-08
2024-05-12 20:24:00,5.015867643612731e-08,1.504760293083819e-08
2024-05-12 20:25:00,4.881567917884153e-08,1.4644703753652458e-08
2024-05-12 20:26:00,4.8609900736641345e-08,1.4582970220992404e-08
2024-05-12 20:27:00,4.92099280969347e-08,1.476297842908041e-08
2024-05-12 20:28:00,4.9805800109449473e-08,1.494174003283484e-08
2024-05-12 20:29:00,4.918639569234284e-08,1.475591870770285e-08
2024-05-12 20:30:00,4.7992865610202706e-08,1.4397859683060813e-08
2024-05-12 20:31:00,4.844405646935648e-08,1.4533216940806944e-08
2024-05-12 20:32:00,4.892143588511341e-08,1.4676430765534024e-08
2024-05-12 20:33:00,4.888553181105673e-08,1.4665659543317018e-08
2024-05-12 20:34:00,5.062893984498361e-08,1.5188681953495085e-08
2024-05-12 20:35:00,4.7934337468135465e-08,1.4380301240440639e-08
2024-05-12 20:36:00,4.9232407514330325e-08,1.4769722254299097e-08
2024-05-12 20:37:00,5.005551633459735e-08,1.5016654900379205e-08
2024-05-12 20:38:00,5.079962887115243e-08,1.523988866134573e-08
2024-05-12 20:39:00,4.844137217188216e-08,1.4532411651564649e-08
2024-05-12 20:40:00,4.908403271325237e-08,1.4725209813975711e-08
2024-05-12 20:41:00,4.911360601700668e-08,1.4734081805102003e-08
2024-05-12 20:42:00,4.87823103798306e-08,1.463469311394918e-08
2024-05-12 20:43:00,4.8526052519074447e-08,1.4557815755722333e-08
2024-05-12 20:44:00,4.890373763121141e-08,1.4671121289363424e-08
2024-05-12 20:45:00,4.695195709543316e-08,1.4085587128629949e-08
2024-05-12 20:46:00,4.903707077121816e-08,1.4711121231365446e-08
2024-05-12 20:47:00,4.856038826219203e-08,1.4568116478657608e-08
2024-05-12 20:48:00,4.826724747438166e-08,1.44801742423145e-08
2024-05-12 20:49:00,5.019482864449095e-08,1.5058448593347283e-08
2024-05-12 20:50:00,4.7883156452305075e-08,1.4364946935691523e-08
2024-05-12 20:51:00,4.803795658115961e-08,1.4411386974347882e-08
2024-05-12 20:52:00,5.003886180499489e-08,1.5011658541498465e-08
2024-05-12 20:53:00,4.7678326048517614e-08,1.4303497814555282e-08
2024-05-12 20:54:00,4.7835941154948184e-08,1.4350782346484454e-08
2024-05-12 20:55:00,4.80899439853316e-08,1.442698319559948e-08
2024-05-12 20:56:00,4.8838162686476015e-08,1.4651448805942804e-08
2024-05-12 20:57:00,4.829163290115957e-08,1.4487489870347873e-08
2024-05-12 20:58:00,4.721933192893901e-08,1.4165799578681703e-08
2024-05-12 20:59:00,4.7684350607648034e-08,1.430530518229441e-08
2024-05-12 21:00:00,4.7600016442763757e-08,1.4280004932829127e-08
2024-05-12 21:01:00,4.794533280173385e-08,1.4383599840520153e-08
2024-05-12 21:02:00,4.8300313402089835e-08,1.449009402062695e-08
2024-05-12 21:03:00,4.826188505240203e-08,1.4478565515720608e-08
2024-05-12 21:04:00,4.67365941928363e-08,1.402097825785089e-08
2024-05-12 21:05:00,4.873892752082922e-08,1.4621678256248765e-08
2024-05-12 21:06:00,4.803474587220022e-08,1.4410423761660065e-08
2024-05-12 21:07:00,4.896377387456162e-08,1.4689132162368486e-08
2024-05-12 21:08:00,4.8122250762271346e-08,1.4436675228681404e-08
2024-05-12 21:09:00,4.8644042408070234e-08,1.4593212722421072e-08
2024-05-12 21:10:00,4.807658407594835e-08,1.4422975222784505e-08
2024-05-12 21:11:00,4.880129092104712e-08,1.4640387276314135e-08
2024-05-12 21:12:00,4.805828948231567e-08,1.44174868446947e-08
2024-05-12 21:13:00,4.754642732718769e-08,1.4263928198156309e-08
2024-05-12 21:14:00,4.9618702530191426e-08,1.4885610759057427e-08
2024-05-12 21:15:00,4.826980314156412e-08,1.4480940942469238e-08
2024-05-12 21:16:00,4.797460876360459e-08,1.4392382629081378e-08
2024-05-12 21:17:00,4.6622863850608154e-08,1.3986859155182444e-08
2024-05-12 21:18:00,4.658431828442417e-08,1.3975295485327251e-08
2024-05-12 21:19:00,4.765631361454442e-08,1.4296894084363325e-08
2024-05-12 21:20:00,4.75112714668682e-08,1.4253381440060459e-08
2024-05-12 21:21:00,4.693004287897118e-08,1.4079012863691354e-08
2024-05-12 21:22:00,4.744612809201254e-08,1.4233838427603762e-08
2024-05-12 21:23:00,4.8653966633989446e-08,1.4596189990196833e-08
2024-05-12 21:24:00,4.782765168737697e-08,1.4348295506213091e-08
2024-05-12 21:25:00,4.646085182906763e-08,1.3938255548720287e-08
2024-05-12 21:26:00,4.7133981787526455e-08,1.4140194536257937e-08
2024-05-12 21:27:00,4.661783644854491e-08,1.398535093456347e-08
2024-05-12 21:28:00,4.6873756513534776e-08,1.4062126954060433e-08
2024-05-12 21:29:00,4.6825237293435986e-08,1.4047571188030796e-08
2024-05-12 21:30:00,4.6750186368050054e-08,1.4025055910415016e-08
2024-05-12 21:31:00,4.6207791629582645e-08,1.3862337488874793e-08
2024-05-12 21:32:00,4.694103993335734e-08,1.4082311980007204e-08
2024-05-12 21:33:00,4.660272273391507e-08,1.3980816820174522e-08
2024-05-12 21:34:00,4.519824292019149e-08,1.3559472876057445e-08
2024-05-12 21:35:00,4.874960177162517e-08,1.462488053148755e-08
2024-05-12 21:36:00,4.780387074861659e-08,1.4341161224584975e-08
2024-05-12 21:37:00,4.6612870777648727e-08,1.3983861233294619e-08
2024-05-12 21:38:00,4.6871945166273345e-08,1.4061583549882004e-08
2024-05-12 21:39:00,4.602257262073995e-08,1.3806771786221986e-08
2024-05-12 21:40:00,4.8247295739172155e-08,1.4474188721751646e-08
2024-05-12 21:41:00,4.84160157473978e-08,1.4524804724219339e-08
2024-05-12 21:42:00,4.6859688521616095e-08,1.4057906556484828e-08
2024-05-12 21:43:00,4.7541438892597724e-08,1.4262431667779318e-08
2024-05-12 21:44:00,4.6815971379063385e-08,1.4044791413719015e-08
2024-05-12 21:45:00,4.574545367818737e-08,1.3723636103456211e-08
2024-05-12 21:46:00,4.6325565138429295e-08,1.3897669541528788e-08
2024-05-12 21:47:00,4.669630601098724e-08,1.4008891803296174e-08
2024-05-12 21:48:00,4.62381988958562e-08,1.387145966875686e-08
2024-05-12 21:49:00,4.637787498613395e-08,1.3913362495840185e-08
2024-05-12 21:50:00,4.644266511741424e-08,1.3932799535224272e-08
2024-05-12 21:51:00,4.6422081605979493e-08,1.3926624481793848e-08
2024-05-12 21:52:00,4.649343379244266e-08,1.3948030137732798e-08
2024-05-12 21:53:00,4.569047751521137e-08,1.3707143254563408e-08
2024-05-12 21:54:00,4.588791198374439e-08,1.3766373595123316e-08
2024-05-12 21:55:00,4.5493429653605414e-08,1.3648028896081622e-08
2024-05-12 21:56:00,4.71316566634085e-08,1.4139496999022547e-08
2024-05-12 21:57:00,4.495977694581545e-08,1.3487933083744635e-08
2024-05-12 21:58:00,4.723070496608605e-08,1.4169211489825813e-08
2024-05-12 21:59:00,4.741422688834701e-08,1.4224268066504104e-08
2024-05-12 22:00:00,4.600927253718754e-08,1.3802781761156263e-08
2024-05-12 22:01:00,4.458702015410635e-08,1.3376106046231903e-08
2024-05-12 22:02:00,4.5912123605449705e-08,1.3773637081634911e-08
2024-05-12 22:03:00,4.610063880633394e-08,1.3830191641900182e-08
2024-05-12 22:04:00,4.541798744492306e-08,1.3625396233476916e-08
2024-05-12 22:05:00,4.5722247747615823e-08,1.3716674324284746e-08
2024-05-12 22:06:00,4.735705564807781e-08,1.4207116694423342e-08
2024-05-12 22:07:00,4.656442612078825e-08,1.3969327836236476e-08
2024-05-12 22:08:00,4.536560813707237e-08,1.360968244112171e-08
2024-05-12 22:09:00,4.492082017649133e-08,1.3476246052947398e-08
2024-05-12 22:10:00,4.57201745804106e-08,1.3716052374123179e-08
2024-05-12 22:11:00,4.5775304250822055e-08,1.3732591275246615e-08
2024-05-12 22:12:00,4.629263829016977e-08,1.388779148705093e-08
2024-05-12 22:13:00,4.549401302051691e-08,1.3648203906155072e-08
2024-05-12 22:14:00,4.625213116517766e-08,1.3875639349553299e-08
2024-05-12 22:15:00,4.751105717248082e-08,1.4253317151744246e-08
2024-05-12 22:16:00,4.645147756395793e-08,1.393544326918738e-08
2024-05-12 22:17:00,4.5738795907664804e-08,1.3721638772299441e-08
2024-05-12 22:18:00,4.561318891466455e-08,1.3683956674399365e-08
2024-05-12 22:19:00,4.5462243876011746e-08,1.3638673162803523e-08
2024-05-12 22:20:00,4.6665571935353186e-08,1.3999671580605956e-08
2024-05-12 22:21:00,4.5222026155863976e-08,1.3566607846759192e-08
2024-05-12 22:22:00,4.567938478532588e-08,1.3703815435597763e-08
2024-05-12 22:23:00,4.565828471087601e-08,1.3697485413262803e-08
2024-05-12 22:24:00,4.523168811934394e-08,1.3569506435803183e-08
2024-05-12 22:25:00,4.4638468160312926e-08,1.3391540448093878e-08
2024-05-12 22:26:00,4.579161618368326e-08,1.3737484855104977e-08
2024-05-12 22:27:00,4.547261399404426e-08,1.3641784198213278e-08
2024-05-12 22:28:00,4.588259768516922e-08,1.3764779305550768e-08
2024-05-12 22:29:00,4.508329153867136e-08,1.3524987461601407e-08
2024-05-12 22:30:00,4.644770643078975e-08,1.3934311929236925e-08
2024-05-12 22:31:00,4.480180864286536e-08,1.3440542592859609e-08
2024-05-12 22:32:00,4.6857130570223774e-08,1.405713917106713e-08
2024-05-12 22:33:00,4.421541844023261e-08,1.3264625532069782e-08
2024-05-12 22:34:00,4.5680720580405154e-08,1.3704216174121546e-08
2024-05-12 22:35:00,4.568881123744494e-08,1.370664337123348e-08
2024-05-12 22:36:00,4.4732303640539504e-08,1.3419691092161851e-08
2024-05-12 22:37:00,4.5599007552911664e-08,1.3679702265873498e-08
2024-05-12 22:38:00,4.6303983471567574e-08,1.3891195041470271e-08
2024-05-12 22:39:00,4.3807424122184674e-08,1.3142227236655401e-08
2024-05-12 22:40:00,4.55893856895816e-08,1.3676815706874478e-08
2024-05-12 22:41:00,4.3613633910478615e-08,1.3084090173143585e-08
2024-05-12 22:42:00,4.44755388406452e-08,1.3342661652193559e-08
2024-05-12 22:43:00,4.651004132439472e-08,1.3953012397318416e-08
2024-05-12 22:44:00,4.468432468317733e-08,1.34052974049532e-08
2024-05-12 22:45:00,4.427123704035167e-08,1.3281371112105501e-08
2024-05-12 22:46:00,4.4908635469198543e-08,1.3472590640759562e-08
2024-05-12 22:47:00,4.6849804572265276e-08,1.4054941371679583e-08
2024-05-12 22:48:00,4.3806806269578176e-08,1.3142041880873453e-08
2024-05-12 22:49:00,4.4255232656166695e-08,1.3276569796850007e-08
2024-05-12 22:50:00,4.6220661550909615e-08,1.3866198465272882e-08
2024-05-12 22:51:00,4.654508032320316e-08,1.3963524096960947e-08
2024-05-12 22:52:00,4.483829676543388e-08,1.3451489029630165e-08
2024-05-12 22:53:00,4.404426927922159e-08,1.3213280783766477e-08
2024-05-12 22:54:00,4.6716466902418786e-08,1.4014940070725636e-08
2024-05-12 22:55:00,4.619760845958064e-08,1.3859282537874192e-08
2024-05-12 22:56:00,4.536001039686368e-08,1.3608003119059106e-08
2024-05-12 22:57:00,4.422772523119413e-08,1.3268317569358238e-08
2024-05-12 22:58:00,4.4742215560132343e-08,1.3422664668039701e-08
2024-05-12 22:59:00,4.463759462028183e-08,1.3391278386084549e-08
2024-05-12 23:00:00,4.4988495362432806e-08,1.3496548608729841e-08
2024-05-12 23:01:00,4.59276137904965e-08,1.3778284137148952e-08
2024-05-12 23:02:00,4.5394742059948996e-08,1.3618422617984697e-08
2024-05-12 23:03:00,4.392151554653708e-08,1.3176454663961123e-08
2024-05-12 23:04:00,4.579234344455093e-08,1.373770303336528e-08
2024-05-12 23:05:00,4.4864229718606064e-08,1.345926891558182e-08
2024-05-12 23:06:00,4.514477283820287e-08,1.354343185146086e-08
2024-05-12 23:07:00,4.581054624113096e-08,1.3743163872339287e-08
2024-05-12 23:08:00,4.3790777278525804e-08,1.3137233183557741e-08
2024-05-12 23:09:00,4.451034584986e-08,1.3353103754958e-08
2024-05-12 23:10:00,4.4132592333928834e-08,1.323977770017865e-08
2024-05-12 23:11:00,4.344651372037235e-08,1.3033954116111705e-08
2024-05-12 23:12:00,4.4740026827851486e-08,1.3422008048355445e-08
2024-05-12 23:13:00,4.673953054359204e-08,1.402185916307761e-08
2024-05-12 23:14:00,4.322489995302745e-08,1.2967469985908234e-08
2024-05-12 23:15:00,4.4385746074178066e-08,1.331572382225342e-08
2024-05-12 23:16:00,4.489325053955036e-08,1.3467975161865108e-08
2024-05-12 23:17:00,4.446137247199109e-08,1.3338411741597325e-08
2024-05-12 23:18:00,4.426336632716262e-08,1.3279009898148786e-08
2024-05-12 23:19:00,4.3441534152223755e-08,1.3032460245667125e-08
2024-05-12 23:20:00,4.448402260823806e-08,1.3345206782471417e-08
2024-05-12 23:21:00,4.374936649153634e-08,1.31248099474609e-08
2024-05-12 23:22:00,4.286562040236776e-08,1.2859686120710328e-08
2024-05-12 23:23:00,4.522654016399397e-08,1.356796204919819e-08
2024-05-12 23:24:00,4.499816411214867e-08,1.34994492336446e-08
2024-05-12 23:25:00,4.42439631122235e-08,1.327318893366705e-08
2024-05-12 23:26:00,4.435987495661144e-08,1.330796248698343e-08
2024-05-12 23:27:00,4.503948273138554e-08,1.3511844819415662e-08
2024-05-12 23:28:00,4.431650623482117e-08,1.329495187044635e-08
2024-05-12 23:29:00,4.485181137514162e-08,1.3455543412542485e-08
2024-05-12 23:30:00,4.38878510499518e-08,1.316635531498554e-08
2024-05-12 23:31:00,4.5174017197921855e-08,1.3552205159376557e-08
2024-05-12 23:32:00,4.43135636247723e-08,1.3294069087431689e-08
2024-05-12 23:33:00,4.419542362696607e-08,1.3258627088089822e-08
2024-05-12 23:34:00,4.3161181723684436e-08,1.2948354517105329e-08
2024-05-12 23:35:00,4.4229242966030055e-08,1.3268772889809016e-08
2024-05-12 23:36:00,4.340365157457182e-08,1.3021095472371544e-08
2024-05-12 23:37:00,4.3514763828150164e-08,1.3054429148445049e-08
2024-05-12 23:38:00,4.33767700662417e-08,1.301303101987251e-08
2024-05-12 23:39:00,4.3194580387382864e-08,1.2958374116214859e-08
2024-05-12 23:40:00,4.5791679991245896e-08,1.3737503997373769e-08
2024-05-12 23:41:00,4.500145047582547e-08,1.350043514274764e-08
2024-05-12 23:42:00,4.554689355545747e-08,1.3664068066637243e-08
2024-05-12 23:43:00,4.3021340105394895e-08,1.2906402031618468e-08
2024-05-12 23:44:00,4.3894693287097994e-08,1.3168407986129399e-08
2024-05-12 23:45:00,4.2940899115070714e-08,1.2882269734521214e-08
2024-05-12 23:46:00,4.3309090361587615e-08,1.2992727108476285e-08
2024-05-12 23:47:00,4.3143211350465456e-08,1.2942963405139636e-08
2024-05-12 23:48:00,4.479025551924576e-08,1.3437076655773726e-08
2024-05-12 23:49:00,4.346212416343019e-08,1.3038637249029057e-08
2024-05-12 23:50:00,4.460190907717434e-08,1.3380572723152303e-08
2024-05-12 23:51:00,4.418940263704139e-08,1.3256820791112417e-08
2024-05-12 23:52:00,4.5761345641144605e-08,1.3728403692343382e-08
2024-05-12 23:53:00,4.268493727411296e-08,1.280548118223389e-08
2024-05-12 23:54:00,4.470211360168794e-08,1.3410634080506381e-08
2024-05-12 23:55:00,4.458346040016715e-08,1.3375038120050143e-08
2024-05-12 23:56:00,4.294879220332295e-08,1.2884637660996884e-08
2024-05-12 23:57:00,4.442627635081537e-08,1.3327882905244612e-08
2024-05-12 23:58:00,4.385240362269073e-08,1.315572108680722e-08
2024-05-12 23:59:00,4.3409138389910984e-08,1.3022741516973293e-08
2024-05-13 00:00:00,4.2978705781999285e-08,1.2893611734599785e-08
2024-05-13 00:01:00,4.303195535065056e-08,1.2909586605195166e-08
2024-05-13 00:02:00,4.532644339947654e-08,1.359793301984296e-08
2024-05-13 00:03:00,4.35104485535311e-08,1.305313456605933e-08
2024-05-13 00:04:00,4.411582721838104e-08,1.323474816551431e-08
2024-05-13 00:05:00,4.291768377084588e-08,1.2875305131253763e-08
2024-05-13 00:06:00,4.2908729947238626e-08,1.2872618984171588e-08
2024-05-13 00:07:00,4.432553206087174e-08,1.3297659618261521e-08
2024-05-13 00:08:00,4.25120388312235e-08,1.2753611649367049e-08
2024-05-13 00:09:00,4.3110394873211473e-08,1.2933118461963442e-08
2024-05-13 00:10:00,4.342194290560014e-08,1.302658287168004e-08
2024-05-13 00:11:00,4.346473186731276e-08,1.3039419560193827e-08
2024-05-13 00:12:00,4.323220506501605e-08,1.2969661519504814e-08
2024-05-13 00:13:00,4.36549201577688e-08,1.3096476047330638e-08
2024-05-13 00:14:00,4.388109123655943e-08,1.3164327370967828e-08
2024-05-13 00:15:00,4.3900482195750966e-08,1.3170144658725288e-08
2024-05-13 00:16:00,4.26153195184992e-08,1.278459585554976e-08
2024-05-13 00:17:00,4.307866595276381e-08,1.2923599785829144e-08
2024-05-13 00:18:00,4.425348145908386e-08,1.3276044437725157e-08
2024-05-13 00:19:00,4.397506978444279e-08,1.3192520935332838e-08
2024-05-13 00:20:00,4.2311409712872056e-08,1.2693422913861615e-08
2024-05-13 00:21:00,4.349770657457908e-08,1.3049311972373723e-08
2024-05-13 00:22:00,4.192839455766805e-08,1.2578518367300416e-08
2024-05-13 00:23:00,4.3232764811584015e-08,1.2969829443475205e-08
2024-05-13 00:24:00,4.482936973126671e-08,1.3448810919380012e-08
2024-05-13 00:25:00,4.250553425816911e-08,1.2751660277450732e-08
2024-05-13 00:26:00,4.256558743010622e-08,1.2769676229031866e-08
2024-05-13 00:27:00,4.374653183599562e-08,1.3123959550798686e-08
2024-05-13 00:28:00,4.209213055733609e-08,1.2627639167200828e-08
2024-05-13 00:29:00,4.2658170263464356e-08,1.2797451079039306e-08
2024-05-13 00:30:00,4.3564766171017955e-08,1.3069429851305385e-08
2024-05-13 00:31:00,4.262902572052612e-08,1.2788707716157836e-08
2024-05-13 00:32:00,4.289501763701572e-08,1.2868505291104715e-08
2024-05-13 00:33:00,4.3645564985110236e-08,1.309366949553307e-08
2024-05-13 00:34:00,4.336772560068637e-08,1.3010317680205911e-08
2024-05-13 00:35:00,4.323189628181037e-08,1.296956888454311e-08
2024-05-13 00:36:00,4.2766203519586516e-08,1.2829861055875955e-08
2024-05-13 00:37:00,4.328613164701242e-08,1.2985839494103726e-08
2024-05-13 00:38:00,4.2895440976878296e-08,1.2868632293063488e-08
2024-05-13 00:39:00,4.332954207689083e-08,1.299886262306725e-08
2024-05-13 00:40:00,4.260180923291469e-08,1.2780542769874408e-08
2024-05-13 00:41:00,4.2812813257889594e-08,1.284384397736688e-08
2024-05-13 00:42:00,4.2244927956335494e-08,1.2673478386900648e-08
2024-05-13 00:43:00,4.289582533301856e-08,1.2868747599905567e-08
2024-05-13 00:44:00,4.233650743553536e-08,1.2700952230660606e-08
2024-05-13 00:45:00,4.212706013469787e-08,1.263811804040936e-08
2024-05-13 00:46:00,4.3081713932613344e-08,1.2924514179784003e-08
2024-05-13 00:47:00,4.303351735707815e-08,1.2910055207123443e-08
2024-05-13 00:48:00,4.348198704685566e-08,1.3044596114056696e-08
2024-05-13 00:49:00,4.2533526010021574e-08,1.2760057803006472e-08
2024-05-13 00:50:00,4.3149999957723447e-08,1.2944999987317034e-08
2024-05-13 00:51:00,4.3252899882811924e-08,1.2975869964843578e-08
2024-05-13 00:52:00,4.3155166251569737e-08,1.2946549875470922e-08
2024-05-13 00:53:00,4.2215820080681286e-08,1.2664746024204385e-08
2024-05-13 00:54:00,4.289967288451689e-08,1.2869901865355064e-08
2024-05-13 00:55:00,4.3055316982567045e-08,1.2916595094770112e-08
2024-05-13 00:56:00,4.2768324947019814e-08,1.2830497484105944e-08
2024-05-13 00:57:00,4.14077074520154e-08,1.2422312235604619e-08
2024-05-13 00:58:00,4.2861691289009026e-08,1.2858507386702707e-08
2024-05-13 00:59:00,4.469639181313316e-08,1.340891754393995e-08
2024-05-13 01:00:00,4.2454294737021974e-08,1.2736288421106592e-08
2024-05-13 01:01:00,4.2188654981386816e-08,1.2656596494416044e-08
2024-05-13 01:02:00,4.2982834484076625e-08,1.2894850345222986e-08
2024-05-13 01:03:00,2.4255300613923587e-07,1.2877100772610565e-08
2024-05-13 01:04:00,6.416933494495543e-07,1.3095733942545803e-08
2024-05-13 01:05:00,1.240403864415032e-06,1.4e-06
2024-05-13 01:06:00,2.038684551035669e-06,2.8e-06
2024-05-13 01:07:00,3.0365354093114655e-06,4.2e-06
2024-05-13 01:08:00,4.233956439242421e-06,5.6e-06
2024-05-13 01:09:00,5.630947640828536e-06,7e-06
2024-05-13 01:10:00,7.22750901406981e-06,6.275157994749289e-06
2024-05-13 01:11:00,9.023640558966243e-06,5.616441514452716e-06
2024-05-13 01:12:00,2e-05,5.026995813078951e-06
2024-05-13 01:13:00,1.897588803246414e-05,4.499536331143992e-06
2024-05-13 01:14:00,1.797054671597875e-05,4.027544558416201e-06
2024-05-13 01:15:00,1.7018573037378472e-05,3.6051874756535687e-06
2024-05-13 01:16:00,1.6117134005464638e-05,3.2272454679029203e-06
2024-05-13 01:17:00,1.5263547017055858e-05,2.8890478184858266e-06
2024-05-13 01:18:00,1.4455271873710251e-05,2.5864149864810337e-06
2024-05-13 01:19:00,1.3689903222236233e-05,2.3156069543462636e-06
2024-05-13 01:20:00,1.2965163396495272e-05,2.0732770073394047e-06
2024-05-13 01:21:00,1.2278895639194208e-05,1.8564303735273416e-06
2024-05-13 01:22:00,1.1629057683495563e-05,1.6623872132397119e-06
2024-05-13 01:23:00,1.1013715675345085e-05,1.4887495005769984e-06
2024-05-13 01:24:00,1.0431038418429685e-05,1.3333713876818478e-06
2024-05-13 01:25:00,9.879291924639106e-06,1.19433268552387e-06
2024-05-13 01:26:00,9.356834253813805e-06,1.0699151334632225e-06
2024-05-13 01:27:00,8.86211062742239e-06,9.585811643231019e-07
2024-05-13 01:28:00,8.393648801627233e-06,8.589549025417199e-07
2024-05-13 01:29:00,7.950054685968717e-06,7.698051605715982e-07
2024-05-13 01:30:00,7.530008194629618e-06,6.900302233891313e-07
2024-05-13 01:31:00,7.1322593179331415e-06,6.186442330755177e-07
2024-05-13 01:32:00,6.755624402383688e-06,5.547650052044635e-07
2024-05-13 01:33:00,6.398982628179907e-06,4.976031264668764e-07
2024-05-13 01:34:00,6.061272673717326e-06,4.4645219879679983e-07
2024-05-13 01:35:00,5.741489557154313e-06,4.0068010943172357e-07
2024-05-13 01:36:00,5.438681645642014e-06,3.597212190193199e-07
2024-05-13 01:37:00,5.151947823317957e-06,3.230693712282112e-07
2024-05-13 01:38:00,4.8804348096353715e-06,2.902716374728449e-07
2024-05-13 01:39:00,4.623334620047751e-06,2.6092271944737464e-07
2024-05-13 01:40:00,4.379882161491798e-06,2.3465994029290193e-07
2024-05-13 01:41:00,4.149352955513026e-06,2.111587624969936e-07
2024-05-13 01:42:00,3.931060982258186e-06,1.901287771339468e-07
2024-05-13 01:43:00,3.724356638918348e-06,1.7131011487928956e-07
2024-05-13 01:44:00,3.5286248065470697e-06,1.544702344444469e-07
2024-05-13 01:45:00,3.343283019500642e-06,1.3940104874181254e-07
2024-05-13 01:46:00,3.16777973205272e-06,1.2591635326426463e-07
2024-05-13 01:47:00,3.001592677024933e-06,1.1384952489804851e-07
2024-05-13 01:48:00,2.844227311548802e-06,1.0305146273006943e-07
2024-05-13 01:49:00,2.6952153453336786e-06,9.338874540129625e-08
2024-05-13 01:50:00,2.554113347060882e-06,8.474198223414122e-08
2024-05-13 01:51:00,2.4205014247567566e-06,7.70043377564099e-08
2024-05-13 01:52:00,2.2939819762175158e-06,7.00802113873216e-08
2024-05-13 01:53:00,2.174178505767196e-06,6.388405596864911e-08
2024-05-13 01:54:00,2.0607345038274584e-06,5.8339320539931597e-08
2024-05-13 01:55:00,1.9533123859649157e-06,5.3377504292167866e-08
2024-05-13 01:56:00,1.8515924882586312e-06,4.8937310008386086e-08
2024-05-13 01:57:00,1.7552721159980637e-06,4.496388652898137e-08
2024-05-13 01:58:00,1.6640646428804399e-06,4.1408150879915856e-08
2024-05-13 01:59:00,1.5776986580268204e-06,3.8226181686380744e-08
2024-05-13 02:00:00,1.495917158278411e-06,3.537867637549177e-08
2024-05-13 02:01:00,1.418476783369452e-06,3.28304654599203e-08
2024-05-13 02:02:00,1.3451470917006005e-06,3.0550077899789435e-08
2024-05-13 02:03:00,1.2757098745575397e-06,2.8509352171410312e-08
2024-05-13 02:04:00,1.2099585067339783e-06,2.668308823629558e-08
2024-05-13 02:05:00,1.1476973316265215e-06,2.5048736109349396e-08
2024-05-13 02:06:00,1.0887410789714979e-06,2.3586117177439345e-08
2024-05-13 02:07:00,1.0329143134909518e-06,2.227717482429757e-08
2024-05-13 02:08:00,9.800509128070083e-07,2.1105751279877927e-08
2024-05-13 02:09:00,9.299935730709106e-07,2.005738793638703e-08
2024-05-13 02:10:00,8.825933408355084e-07,1.9119146663218027e-08
2024-05-13 02:11:00,8.377091697780784e-07,1.827944991252796e-08
2024-05-13 02:12:00,7.952075009543045e-07,1.752793763942193e-08
2024-05-13 02:13:00,7.549618653342845e-07,1.6855339268508405e-08
2024-05-13 02:14:00,7.168525074377231e-07,1.6253359124539104e-08
2024-05-13 02:15:00,6.807660289482763e-07,1.571457391124107e-08
2024-05-13 02:16:00,6.465950512464649e-07,1.5232340971344796e-08
2024-05-13 02:17:00,6.142378958568669e-07,1.4800716194050532e-08
2024-05-13 02:18:00,5.835982818586247e-07,1.4414380555401473e-08
2024-05-13 02:19:00,5.545850393587726e-07,1.4068574383721582e-08
2024-05-13 02:20:00,5.27111838175701e-07,1.3759038537744829e-08
2024-05-13 02:21:00,5.010969309253306e-07,1.2755718733288552e-08
2024-05-13 02:22:00,4.764629097454381e-07,1.2706789862072586e-08
2024-05-13 02:23:00,4.5313647593415793e-07,1.2669874095413484e-08
2024-05-13 02:24:00,4.310482218171159e-07,1.2422552431769615e-08
2024-05-13 02:25:00,4.101324241940456e-07,1.2589262067630977e-08
2024-05-13 02:26:00,3.9032684875019265e-07,1.2210678247647455e-08
2024-05-13 02:27:00,3.7157256485045233e-07,1.2668331137728938e-08
2024-05-13 02:28:00,3.538137701650683e-07,1.2985259597560289e-08
2024-05-13 02:29:00,3.3699762460500066e-07,1.2328257395395439e-08
2024-05-13 02:30:00,3.2107409307275275e-07,1.2498759810644246e-08
2024-05-13 02:31:00,3.059957965606995e-07,1.2700041408537369e-08
2024-05-13 02:32:00,2.9171787115379056e-07,1.2933447371391212e-08
2024-05-13 02:33:00,2.7819783451702983e-07,1.2525019710855309e-08
2024-05-13 02:34:00,2.6539545947040443e-07,1.2473864818956743e-08
2024-05-13 02:35:00,2.5327265427502946e-07,1.2237507444893008e-08
2024-05-13 02:36:00,2.4179334927424817e-07,1.264385202966255e-08
2024-05-13 02:37:00,2.3092338955233464e-07,1.3157342002008381e-08
2024-05-13 02:38:00,2.2063043329136082e-07,1.2682821477836334e-08
2024-05-13 02:39:00,2.108838555237409e-07,1.2613488635451653e-08
2024-05-13 02:40:00,2.0165465699402735e-07,1.2692162421205095e-08
2024-05-13 02:41:00,1.9291537785873605e-07,1.2614871146637978e-08
2024-05-13 02:42:00,1.8464001596737552e-07,1.2444629022896153e-08
2024-05-13 02:43:00,1.7680394948149064e-07,1.281351072957915e-08
2024-05-13 02:44:00,1.6938386360143726e-07,1.2667550126793414e-08
2024-05-13 02:45:00,1.6235768118283234e-07,1.2619414911204359e-08
2024-05-13 02:46:00,1.5570449703619738e-07,1.2410879069321968e-08
2024-05-13 02:47:00,1.4940451571427474e-07,1.293858283883792e-08
2024-05-13 02:48:00,1.4343899260187516e-07,1.2771572378370504e-08
2024-05-13 02:49:00,1.3779017813294301e-07,1.2494592038527855e-08
2024-05-13 02:50:00,1.324412649688334e-07,1.2856912182942173e-08
2024-05-13 02:51:00,1.2737633798060487e-07,1.2505538129135619e-08
2024-05-13 02:52:00,1.2258032688647937e-07,1.2447152808299937e-08
2024-05-13 02:53:00,1.1803896140352031e-07,1.2451410947078894e-08
2024-05-13 02:54:00,1.1373872878006297e-07,1.2262830373982797e-08
2024-05-13 02:55:00,1.0966683358251609e-07,1.2722565194825844e-08
2024-05-13 02:56:00,1.0581115961686195e-07,1.2252231237455475e-08
2024-05-13 02:57:00,1.0216023387153663e-07,1.2359971337878132e-08
2024-05-13 02:58:00,9.870319237438478e-08,1.2211028896150523e-08
2024-05-13 02:59:00,9.542974786208262e-08,1.259304620709942e-08
2024-05-13 03:00:00,9.233015916581424e-08,1.2578829668364021e-08
2024-05-13 03:01:00,8.93952022220951e-08,1.2540552778851327e-08
2024-05-13 03:02:00,8.661614262247244e-08,1.2395172399886054e-08
2024-05-13 03:03:00,8.398470962041186e-08,1.2370534718145085e-08
2024-05-13 03:04:00,8.149307151801652e-08,1.2720707091921087e-08
2024-05-13 03:05:00,7.913381235933052e-08,1.2493728723826733e-08
2024-05-13 03:06:00,7.689990986086766e-08,1.268567760849081e-08
2024-05-13 03:07:00,7.478471451368754e-08,1.2426441391550094e-08
2024-05-13 03:08:00,7.27819297948283e-08,1.2654473355650897e-08
2024-05-13 03:09:00,7.088559342920633e-08,1.293727880147147e-08
2024-05-13 03:10:00,6.909005964621893e-08,1.2751542839777741e-08
2024-05-13 03:11:00,6.738998237824738e-08,1.252399869261449e-08
2024-05-13 03:12:00,6.578029935105923e-08,1.2673304851629987e-08
2024-05-13 03:13:00,6.425621701876438e-08,1.2561472955584197e-08
2024-05-13 03:14:00,6.281319629849185e-08,1.2616811771988683e-08
2024-05-13 03:15:00,6.144693906233458e-08,1.254394455793548e-08
2024-05-13 03:16:00,6.015337534636311e-08,1.257936048740368e-08
2024-05-13 03:17:00,5.8928651238642575e-08,1.2664837538526095e-08
2024-05-13 03:18:00,5.776911741020896e-08,1.2409191699884126e-08
2024-05-13 03:19:00,5.667131825487275e-08,1.2405355313952029e-08
2024-05-13 03:20:00,5.563198160553127e-08,1.2335882595412287e-08
2024-05-13 03:21:00,5.464800899638569e-08,1.2298386848580549e-08
2024-05-13 03:22:00,5.371646644208359e-08,1.2368760964194632e-08
2024-05-13 03:23:00,5.283457570634655e-08,1.2656045725895886e-08
2024-05-13 03:24:00,5.1999706034098405e-08,1.2432389468815213e-08
2024-05-13 03:25:00,5.120936632248974e-08,1.2741219437159819e-08
2024-05-13 03:26:00,5.0461197707519664e-08,1.2629638212021393e-08
2024-05-13 03:27:00,4.975296654419353e-08,1.2239044291132992e-08
2024-05-13 03:28:00,4.908255775932544e-08,1.2778182116365135e-08
2024-05-13 03:29:00,4.8447968557204254e-08,1.2818121150460694e-08
2024-05-13 03:30:00,4.7847302459391266e-08,1.2417217282307465e-08
2024-05-13 03:31:00,4.7278763660912396e-08,1.2723412617763216e-08
2024-05-13 03:32:00,4.6740651686049385e-08,1.2445868564363996e-08
2024-05-13 03:33:00,4.6231356327825606e-08,1.2649769127218318e-08
2024-05-13 03:34:00,4.5749352856127005e-08,1.2369418555651571e-08
2024-05-13 03:35:00,4.529319748019756e-08,1.2275803262438867e-08
2024-05-13 03:36:00,4.486152305200615e-08,1.2546843066507112e-08
2024-05-13 03:37:00,4.445303499769801e-08,1.2603997722684661e-08
2024-05-13 03:38:00,4.406650746502323e-08,1.25457761389746e-08
2024-05-13 03:39:00,4.370077967527718e-08,1.238963351953829e-08
2024-05-13 03:40:00,4.335475246889639e-08,1.2547505541997552e-08
2024-05-13 03:41:00,4.3027385034429844e-08,1.2697811253727225e-08
2024-05-13 03:42:00,4.2717691811151205e-08,1.2627082875450683e-08
2024-05-13 03:43:00,4.242473955609454e-08,1.2679978359954191e-08
2024-05-13 03:44:00,4.214764456678485e-08,1.2496129368276341e-08
2024-05-13 03:45:00,4.3096845927193875e-08,1.292905377815816e-08
2024-05-13 03:46:00,4.16377236385287e-08,1.2399504358117759e-08
2024-05-13 03:47:00,4.252412178872391e-08,1.275723653661717e-08
2024-05-13 03:48:00,4.3119061591425046e-08,1.2935718477427514e-08
2024-05-13 03:49:00,4.252778041149757e-08,1.2758334123449271e-08
2024-05-13 03:50:00,4.2008815242846576e-08,1.2602644572853972e-08
2024-05-13 03:51:00,4.178224094824837e-08,1.253467228447451e-08
2024-05-13 03:52:00,4.3008714033683535e-08,1.290261421010506e-08
2024-05-13 03:53:00,4.1211924068932886e-08,1.2363577220679864e-08
2024-05-13 03:54:00,4.1500843399748685e-08,1.2450253019924604e-08
2024-05-13 03:55:00,4.189364481271377e-08,1.2568093443814131e-08
2024-05-13 03:56:00,4.3208305294960047e-08,1.2962491588488013e-08
2024-05-13 03:57:00,4.2486717675920494e-08,1.2746015302776148e-08
2024-05-13 03:58:00,4.152324395259389e-08,1.2456973185778168e-08
2024-05-13 03:59:00,4.197712749232078e-08,1.2593138247696233e-08
2024-05-13 04:00:00,4.1769965423496385e-08,1.2530989627048917e-08
2024-05-13 04:01:00,4.171081987799907e-08,1.251324596339972e-08
2024-05-13 04:02:00,4.3012387053162245e-08,1.2903716115948674e-08
2024-05-13 04:03:00,4.129759135822533e-08,1.2389277407467598e-08
2024-05-13 04:04:00,4.35980457294475e-08,1.307941371883425e-08
2024-05-13 04:05:00,4.290089009086391e-08,1.2870267027259172e-08
2024-05-13 04:06:00,4.313452635676271e-08,1.2940357907028812e-08
2024-05-13 04:07:00,4.191646347387298e-08,1.2574939042161894e-08
2024-05-13 04:08:00,4.2147029534033454e-08,1.2644108860210036e-08
2024-05-13 04:09:00,4.129748332402397e-08,1.2389244997207191e-08
2024-05-13 04:10:00,4.1892785430697756e-08,1.2567835629209328e-08
2024-05-13 04:11:00,4.266211436416251e-08,1.2798634309248753e-08
2024-05-13 04:12:00,4.335750611021023e-08,1.3007251833063069e-08
2024-05-13 04:13:00,4.152627007205298e-08,1.2457881021615895e-08
2024-05-13 04:14:00,4.203150554745242e-08,1.2609451664235725e-08
2024-05-13 04:15:00,4.219305861206527e-08,1.265791758361958e-08
2024-05-13 04:16:00,4.136783008988361e-08,1.2410349026965084e-08
2024-05-13 04:17:00,4.278331194662034e-08,1.2834993583986103e-08
2024-05-13 04:18:00,4.181226804002103e-08,1.254368041200631e-08
2024-05-13 04:19:00,4.2189773904903654e-08,1.2656932171471095e-08
2024-05-13 04:20:00,4.201393036599538e-08,1.2604179109798612e-08
2024-05-13 04:21:00,4.179091983562912e-08,1.2537275950688735e-08
2024-05-13 04:22:00,4.235159474093098e-08,1.2705478422279293e-08
2024-05-13 04:23:00,4.220550482970832e-08,1.2661651448912494e-08
2024-05-13 04:24:00,4.21012102653562e-08,1.263036307960686e-08
2024-05-13 04:25:00,4.1862850013001374e-08,1.2558855003900412e-08
2024-05-13 04:26:00,4.263391473714176e-08,1.2790174421142528e-08
2024-05-13 04:27:00,4.3804132246313994e-08,1.3141239673894197e-08
2024-05-13 04:28:00,4.251080148912503e-08,1.2753240446737509e-08
2024-05-13 04:29:00,4.321887889845636e-08,1.2965663669536909e-08
2024-05-13 04:30:00,4.1480364517446414e-08,1.2444109355233926e-08
2024-05-13 04:31:00,4.2549725570525986e-08,1.2764917671157796e-08
2024-05-13 04:32:00,4.1679728374837145e-08,1.2503918512451144e-08
2024-05-13 04:33:00,4.14536966250483e-08,1.2436108987514489e-08
2024-05-13 04:34:00,4.193116777757658e-08,1.2579350333272973e-08
2024-05-13 04:35:00,4.344374314452315e-08,1.3033122943356944e-08
2024-05-13 04:36:00,4.323967182417914e-08,1.297190154725374e-08
2024-05-13 04:37:00,4.266856937056428e-08,1.2800570811169286e-08
2024-05-13 04:38:00,4.1465152899607855e-08,1.2439545869882357e-08
2024-05-13 04:39:00,4.2356291216139716e-08,1.2706887364841915e-08
2024-05-13 04:40:00,4.274217039095488e-08,1.2822651117286463e-08
2024-05-13 04:41:00,4.2653533017604706e-08,1.2796059905281413e-08
2024-05-13 04:42:00,4.1321567239264343e-08,1.2396470171779304e-08
2024-05-13 04:43:00,4.191421187393124e-08,1.257426356217937e-08
2024-05-13 04:44:00,4.250117073704643e-08,1.2750351221113929e-08
2024-05-13 04:45:00,4.297764688424027e-08,1.2893294065272079e-08
2024-05-13 04:46:00,4.11654179718394e-08,1.234962539155182e-08
2024-05-13 04:47:00,4.245858070568786e-08,1.2737574211706357e-08
2024-05-13 04:48:00,4.2697242770234355e-08,1.2809172831070305e-08
2024-05-13 04:49:00,4.327857388631079e-08,1.2983572165893236e-08
2024-05-13 04:50:00,4.3156863199147895e-08,1.2947058959744368e-08
2024-05-13 04:51:00,4.3076214586019894e-08,1.2922864375805967e-08
2024-05-13 04:52:00,4.20647323738556e-08,1.261941971215668e-08
2024-05-13 04:53:00,4.139620835440663e-08,1.2418862506321989e-08
2024-05-13 04:54:00,4.236503036381912e-08,1.2709509109145736e-08
2024-05-13 04:55:00,4.347263533941552e-08,1.3041790601824656e-08
2024-05-13 04:56:00,4.383521631372062e-08,1.3150564894116185e-08
2024-05-13 04:57:00,4.324615771488063e-08,1.297384731446419e-08
2024-05-13 04:58:00,4.3027434583690204e-08,1.290823037510706e-08
2024-05-13 04:59:00,4.2998944319433504e-08,1.2899683295830052e-08
2024-05-13 05:00:00,4.231699557666085e-08,1.2695098672998254e-08
2024-05-13 05:01:00,4.263186629893342e-08,1.2789559889680026e-08
2024-05-13 05:02:00,4.41623050476017e-08,1.324869151428051e-08
2024-05-13 05:03:00,4.209213490606846e-08,1.2627640471820538e-08
2024-05-13 05:04:00,4.413329022241849e-08,1.3239987066725549e-08
2024-05-13 05:05:00,4.2538834768761274e-08,1.2761650430628382e-08
2024-05-13 05:06:00,4.388616608710901e-08,1.3165849826132702e-08
2024-05-13 05:07:00,4.184702993040796e-08,1.2554108979122388e-08
2024-05-13 05:08:00,4.3269522857652473e-08,1.2980856857295742e-08
2024-05-13 05:09:00,4.22991190226845e-08,1.2689735706805349e-08
2024-05-13 05:10:00,4.187805058534451e-08,1.2563415175603353e-08
2024-05-13 05:11:00,4.301325328369089e-08,1.2903975985107265e-08
2024-05-13 05:12:00,4.367639712598242e-08,1.3102919137794725e-08
2024-05-13 05:13:00,4.227619756425075e-08,1.2682859269275225e-08
2024-05-13 05:14:00,4.187707594968007e-08,1.256312278490402e-08
2024-05-13 05:15:00,4.2828103383101416e-08,1.2848431014930423e-08
2024-05-13 05:16:00,4.284406854307433e-08,1.2853220562922301e-08
2024-05-13 05:17:00,4.3350637102797324e-08,1.3005191130839197e-08
2024-05-13 05:18:00,4.370031540776977e-08,1.3110094622330932e-08
2024-05-13 05:19:00,4.290351869120364e-08,1.287105560736109e-08
2024-05-13 05:20:00,4.456553699848428e-08,1.3369661099545283e-08
2024-05-13 05:21:00,4.314516045858417e-08,1.2943548137575252e-08
2024-05-13 05:22:00,4.273419994607047e-08,1.2820259983821141e-08
2024-05-13 05:23:00,4.1927058926359264e-08,1.2578117677907779e-08
2024-05-13 05:24:00,4.2821020147935856e-08,1.2846306044380757e-08
2024-05-13 05:25:00,4.278169307523447e-08,1.283450792257034e-08
2024-05-13 05:26:00,4.381604084791626e-08,1.3144812254374879e-08
2024-05-13 05:27:00,4.341425873197579e-08,1.3024277619592736e-08
2024-05-13 05:28:00,4.2258194997858224e-08,1.2677458499357466e-08
2024-05-13 05:29:00,4.321368492887379e-08,1.2964105478662138e-08
2024-05-13 05:30:00,4.362670262884282e-08,1.3088010788652845e-08
2024-05-13 05:31:00,4.4398908394810616e-08,1.3319672518443186e-08
2024-05-13 05:32:00,4.38370679734652e-08,1.315112039203956e-08
2024-05-13 05:33:00,4.3743855234747136e-08,1.312315657042414e-08
2024-05-13 05:34:00,4.319902612033094e-08,1.2959707836099283e-08
2024-05-13 05:35:00,4.34681085456051e-08,1.3040432563681529e-08
2024-05-13 05:36:00,4.421348958091974e-08,1.3264046874275921e-08
2024-05-13 05:37:00,4.2291434582411607e-08,1.2687430374723483e-08
2024-05-13 05:38:00,4.2956855945482504e-08,1.288705678364475e-08
2024-05-13 05:39:00,4.267991065974996e-08,1.2803973197924987e-08
2024-05-13 05:40:00,4.353456175348188e-08,1.3060368526044562e-08
2024-05-13 05:41:00,4.4270264190482354e-08,1.3281079257144706e-08
2024-05-13 05:42:00,4.284382565877067e-08,1.28531476976312e-08
2024-05-13 05:43:00,4.178076289854814e-08,1.2534228869564442e-08
2024-05-13 05:44:00,4.3002804567415826e-08,1.2900841370224747e-08
2024-05-13 05:45:00,4.405226134284385e-08,1.3215678402853155e-08
2024-05-13 05:46:00,4.3753413665149117e-08,1.3126024099544734e-08
2024-05-13 05:47:00,4.368074255617881e-08,1.3104222766853643e-08
2024-05-13 05:48:00,4.3159090611299964e-08,1.2947727183389989e-08
2024-05-13 05:49:00,4.250763513851465e-08,1.2752290541554395e-08
2024-05-13 05:50:00,4.379815618446165e-08,1.3139446855338495e-08
2024-05-13 05:51:00,4.282416258029902e-08,1.2847248774089708e-08
2024-05-13 05:52:00,4.536661654557556e-08,1.3609984963672667e-08
2024-05-13 05:53:00,4.3891202384369784e-08,1.3167360715310937e-08
2024-05-13 05:54:00,4.304364565445174e-08,1.2913093696335522e-08
2024-05-13 05:55:00,4.303888239706648e-08,1.2911664719119943e-08
2024-05-13 05:56:00,4.342420951833178e-08,1.3027262855499535e-08
2024-05-13 05:57:00,4.333349824352844e-08,1.3000049473058532e-08
2024-05-13 05:58:00,4.443840565756146e-08,1.3331521697268437e-08
2024-05-13 05:59:00,4.3685003011007836e-08,1.310550090330235e-08
2024-05-13 06:00:00,4.3040310787241255e-08,1.2912093236172377e-08
2024-05-13 06:01:00,4.521615099054076e-08,1.3564845297162226e-08
2024-05-13 06:02:00,4.363094918221592e-08,1.3089284754664775e-08
2024-05-13 06:03:00,4.4222081861525575e-08,1.3266624558457671e-08
2024-05-13 06:04:00,4.3192053737474405e-08,1.2957616121242322e-08
2024-05-13 06:05:00,4.3925162320626935e-08,1.317754869618808e-08
2024-05-13 06:06:00,4.390146609402009e-08,1.3170439828206026e-08
2024-05-13 06:07:00,4.244594030669882e-08,1.2733782092009645e-08
2024-05-13 06:08:00,4.546231777980599e-08,1.3638695333941797e-08
2024-05-13 06:09:00,4.478318194053538e-08,1.3434954582160614e-08
2024-05-13 06:10:00,4.3443651252069825e-08,1.3033095375620948e-08
2024-05-13 06:11:00,4.2988663067873826e-08,1.2896598920362147e-08
2024-05-13 06:12:00,4.403610577628997e-08,1.3210831732886988e-08
2024-05-13 06:13:00,4.3851941949059123e-08,1.3155582584717737e-08
2024-05-13 06:14:00,4.407855540974284e-08,1.3223566622922851e-08
2024-05-13 06:15:00,4.396848470721981e-08,1.3190545412165944e-08
2024-05-13 06:16:00,4.423543478211279e-08,1.3270630434633835e-08
2024-05-13 06:17:00,4.507162305736869e-08,1.3521486917210608e-08
2024-05-13 06:18:00,4.432249785354055e-08,1.3296749356062164e-08
2024-05-13 06:19:00,4.316786806641482e-08,1.2950360419924446e-08
2024-05-13 06:20:00,4.504872698394883e-08,1.3514618095184647e-08
2024-05-13 06:21:00,4.532867287715873e-08,1.359860186314762e-08
2024-05-13 06:22:00,4.6974854362953004e-08,1.40924563088859e-08
2024-05-13 06:23:00,4.319582801927006e-08,1.295874840578102e-08
2024-05-13 06:24:00,4.417577509024216e-08,1.3252732527072647e-08
2024-05-13 06:25:00,4.26680827299177e-08,1.280042481897531e-08
2024-05-13 06:26:00,4.4461049762171214e-08,1.3338314928651364e-08
2024-05-13 06:27:00,4.3653046054956764e-08,1.3095913816487029e-08
2024-05-13 06:28:00,4.5739326343348857e-08,1.3721797903004656e-08
2024-05-13 06:29:00,4.353804971484277e-08,1.306141491445283e-08
2024-05-13 06:30:00,4.298693231715703e-08,1.2896079695147109e-08
2024-05-13 06:31:00,4.3784433229706176e-08,1.3135329968911853e-08
2024-05-13 06:32:00,4.286312400396474e-08,1.285893720118942e-08
2024-05-13 06:33:00,4.476147444463116e-08,1.3428442333389346e-08
2024-05-13 06:34:00,4.285318911973959e-08,1.2855956735921877e-08
2024-05-13 06:35:00,4.422645567180913e-08,1.326793670154274e-08
2024-05-13 06:36:00,4.2886250662426945e-08,1.2865875198728082e-08
2024-05-13 06:37:00,4.401076314960999e-08,1.3203228944882998e-08
2024-05-13 06:38:00,4.5663302411820617e-08,1.3698990723546185e-08
2024-05-13 06:39:00,4.4563846576296506e-08,1.336915397288895e-08
2024-05-13 06:40:00,4.369891593189604e-08,1.3109674779568813e-08
2024-05-13 06:41:00,4.430352929722725e-08,1.3291058789168174e-08
2024-05-13 06:42:00,4.43610274659281e-08,1.330830823977843e-08
2024-05-13 06:43:00,4.4735546587626796e-08,1.342066397628804e-08
2024-05-13 06:44:00,4.3462126430691176e-08,1.3038637929207354e-08
2024-05-13 06:45:00,4.4874673306436226e-08,1.3462401991930867e-08
2024-05-13 06:46:00,4.2763567484495814e-08,1.2829070245348744e-08
2024-05-13 06:47:00,4.400116897310091e-08,1.3200350691930274e-08
2024-05-13 06:48:00,4.411999765938102e-08,1.3235999297814306e-08
2024-05-13 06:49:00,4.499265553796699e-08,1.3497796661390095e-08
2024-05-13 06:50:00,4.453271164880783e-08,1.3359813494642348e-08
2024-05-13 06:51:00,4.3586683615395793e-08,1.307600508461874e-08
2024-05-13 06:52:00,4.3871904677272516e-08,1.3161571403181755e-08
2024-05-13 06:53:00,4.47315327894731e-08,1.341945983684193e-08
2024-05-13 06:54:00,4.45430337219275e-08,1.3362910116578251e-08
2024-05-13 06:55:00,4.42077655263838e-08,1.3262329657915139e-08
2024-05-13 06:56:00,4.4297734330869464e-08,1.328932029926084e-08
2024-05-13 06:57:00,4.521799735962358e-08,1.3565399207887072e-08
2024-05-13 06:58:00,4.431612248198032e-08,1.3294836744594094e-08
2024-05-13 06:59:00,4.464621916259226e-08,1.3393865748777679e-08
2024-05-13 07:00:00,4.6657644796139e-08,1.39972934388417e-08
2024-05-13 07:01:00,4.379497891412925e-08,1.3138493674238775e-08
2024-05-13 07:02:00,4.35661835018024e-08,1.306985505054072e-08
2024-05-13 07:03:00,4.542498967337849e-08,1.3627496902013548e-08
2024-05-13 07:04:00,4.4340034404111574e-08,1.3302010321233472e-08
2024-05-13 07:05:00,4.46135883343373e-08,1.3384076500301189e-08
2024-05-13 07:06:00,4.4316595136628935e-08,1.329497854098868e-08
2024-05-13 07:07:00,4.470120908430269e-08,1.3410362725290808e-08
2024-05-13 07:08:00,4.627012360675352e-08,1.3881037082026057e-08
2024-05-13 07:09:00,4.5577605423812574e-08,1.3673281627143771e-08
2024-05-13 07:10:00,4.565180796436348e-08,1.3695542389309043e-08
2024-05-13 07:11:00,4.402775595536059e-08,1.3208326786608177e-08
2024-05-13 07:12:00,4.421506825237005e-08,1.3264520475711014e-08
2024-05-13 07:13:00,4.329744428299823e-08,1.2989233284899468e-08
2024-05-13 07:14:00,4.448327311832649e-08,1.3344981935497949e-08
2024-05-13 07:15:00,4.585005659090146e-08,1.3755016977270439e-08
2024-05-13 07:16:00,4.550530217018801e-08,1.3651590651056402e-08
2024-05-13 07:17:00,4.4962521183905093e-08,1.3488756355171528e-08
2024-05-13 07:18:00,4.513308008010596e-08,1.3539924024031787e-08
2024-05-13 07:19:00,4.468285093191579e-08,1.3404855279574735e-08
2024-05-13 07:20:00,4.535369738166311e-08,1.3606109214498934e-08
2024-05-13 07:21:00,4.583056649657788e-08,1.3749169948973363e-08
2024-05-13 07:22:00,4.416984600317281e-08,1.3250953800951843e-08
2024-05-13 07:23:00,4.550022536416016e-08,1.365006760924805e-08
2024-05-13 07:24:00,4.604533901472083e-08,1.3813601704416249e-08
2024-05-13 07:25:00,4.5017385136877684e-08,1.3505215541063305e-08
2024-05-13 07:26:00,4.589791213448239e-08,1.3769373640344716e-08
2024-05-13 07:27:00,4.799497681219224e-08,1.439849304365767e-08
2024-05-13 07:28:00,4.53155109331065e-08,1.3594653279931949e-08
2024-05-13 07:29:00,4.5721837996684785e-08,1.3716551399005435e-08
2024-05-13 07:30:00,4.491889270226835e-08,1.3475667810680504e-08
2024-05-13 07:31:00,4.560569779588297e-08,1.3681709338764891e-08
2024-05-13 07:32:00,4.5850381850413564e-08,1.375511455512407e-08
2024-05-13 07:33:00,4.566644643736078e-08,1.3699933931208235e-08
2024-05-13 07:34:00,4.483426651834606e-08,1.3450279955503819e-08
2024-05-13 07:35:00,4.5725964723529995e-08,1.3717789417058997e-08
2024-05-13 07:36:00,4.68204188775638e-08,1.4046125663269138e-08
2024-05-13 07:37:00,4.596779524706206e-08,1.3790338574118617e-08
2024-05-13 07:38:00,4.6421494485507296e-08,1.392644834565219e-08
2024-05-13 07:39:00,4.5496417619807455e-08,1.3648925285942237e-08
2024-05-13 07:40:00,4.629212023808414e-08,1.3887636071425242e-08
2024-05-13 07:41:00,4.593661851852449e-08,1.3780985555557346e-08
2024-05-13 07:42:00,4.5084027555336175e-08,1.3525208266600851e-08
2024-05-13 07:43:00,4.6019422138915586e-08,1.3805826641674677e-08
2024-05-13 07:44:00,4.510977332216503e-08,1.353293199664951e-08
2024-05-13 07:45:00,4.537426823340187e-08,1.3612280470020559e-08
2024-05-13 07:46:00,4.599743772753915e-08,1.3799231318261745e-08
2024-05-13 07:47:00,4.6107782072878445e-08,1.3832334621863534e-08
2024-05-13 07:48:00,4.5089391144982206e-08,1.3526817343494661e-08
2024-05-13 07:49:00,4.678926509475303e-08,1.4036779528425907e-08
2024-05-13 07:50:00,4.640746641248658e-08,1.3922239923745972e-08
2024-05-13 07:51:00,4.548469509606999e-08,1.3645408528820998e-08
2024-05-13 07:52:00,4.498323087584321e-08,1.3494969262752962e-08
2024-05-13 07:53:00,4.5932507334401636e-08,1.3779752200320492e-08
2024-05-13 07:54:00,4.5743500254077745e-08,1.3723050076223323e-08
2024-05-13 07:55:00,4.6179686789657576e-08,1.3853906036897272e-08
2024-05-13 07:56:00,4.585623003839879e-08,1.3756869011519635e-08
2024-05-13 07:57:00,4.4848496227229014e-08,1.3454548868168704e-08
2024-05-13 07:58:00,4.589295492863008e-08,1.3767886478589022e-08
2024-05-13 07:59:00,4.597928861160693e-08,1.3793786583482079e-08
2024-05-13 08:00:00,4.6729412892969595e-08,1.4018823867890877e-08
2024-05-13 08:01:00,4.576129243824451e-08,1.3728387731473356e-08
2024-05-13 08:02:00,4.771784671694951e-08,1.4315354015084854e-08
2024-05-13 08:03:00,4.5067433677425444e-08,1.3520230103227632e-08
2024-05-13 08:04:00,4.7428526762207675e-08,1.4228558028662302e-08
2024-05-13 08:05:00,4.6204291640013196e-08,1.3861287492003958e-08
2024-05-13 08:06:00,4.7085861178696073e-08,1.4125758353608822e-08
2024-05-13 08:07:00,4.6486093554586607e-08,1.3945828066375983e-08
2024-05-13 08:08:00,4.738614415046411e-08,1.4215843245139232e-08
2024-05-13 08:09:00,4.620013168743006e-08,1.3860039506229018e-08
2024-05-13 08:10:00,4.5751092930787294e-08,1.3725327879236189e-08
2024-05-13 08:11:00,4.772659610688296e-08,1.4317978832064888e-08
2024-05-13 08:12:00,4.648335716701388e-08,1.3945007150104163e-08
2024-05-13 08:13:00,4.6765335423521695e-08,1.4029600627056508e-08
2024-05-13 08:14:00,4.7642458675372765e-08,1.429273760261183e-08
2024-05-13 08:15:00,4.593684344142291e-08,1.3781053032426873e-08
2024-05-13 08:16:00,4.7149935102205296e-08,1.4144980530661588e-08
2024-05-13 08:17:00,4.628831522129273e-08,1.3886494566387818e-08
2024-05-13 08:18:00,4.6642625377326006e-08,1.39927876131978e-08
2024-05-13 08:19:00,4.68244132529859e-08,1.4047323975895769e-08
2024-05-13 08:20:00,4.5791574129734267e-08,1.373747223892028e-08
2024-05-13 08:21:00,4.6277128495778e-08,1.38831385487334e-08
2024-05-13 08:22:00,4.798109672924741e-08,1.4394329018774224e-08
2024-05-13 08:23:00,4.7598121638648935e-08,1.4279436491594679e-08
2024-05-13 08:24:00,4.6870070873635795e-08,1.4061021262090739e-08
2024-05-13 08:25:00,4.713217380699162e-08,1.4139652142097486e-08
2024-05-13 08:26:00,4.676030118397845e-08,1.4028090355193534e-08
2024-05-13 08:27:00,4.8134334676195196e-08,1.4440300402858558e-08
2024-05-13 08:28:00,4.688784118947516e-08,1.4066352356842546e-08
2024-05-13 08:29:00,4.724277824331675e-08,1.4172833472995023e-08
2024-05-13 08:30:00,4.803371066058158e-08,1.4410113198174473e-08
2024-05-13 08:31:00,4.657570190244518e-08,1.3972710570733553e-08
2024-05-13 08:32:00,4.847331302421832e-08,1.4541993907265495e-08
2024-05-13 08:33:00,4.616091645076225e-08,1.3848274935228675e-08
2024-05-13 08:34:00,4.8601488442488704e-08,1.458044653274661e-08
2024-05-13 08:35:00,4.697554355712478e-08,1.4092663067137432e-08
2024-05-13 08:36:00,4.7099176577412024e-08,1.4129752973223607e-08
2024-05-13 08:37:00,4.607426500982492e-08,1.3822279502947476e-08
2024-05-13 08:38:00,4.700954360756184e-08,1.4102863082268551e-08
2024-05-13 08:39:00,4.664797709277039e-08,1.3994393127831114e-08
2024-05-13 08:40:00,4.696534843619668e-08,1.4089604530859004e-08
2024-05-13 08:41:00,4.7329956136517624e-08,1.4198986840955286e-08
2024-05-13 08:42:00,4.823543102701783e-08,1.4470629308105348e-08
2024-05-13 08:43:00,4.7652193584085546e-08,1.4295658075225662e-08
2024-05-13 08:44:00,4.7761406370576825e-08,1.432842191117305e-08
2024-05-13 08:45:00,4.679884083878791e-08,1.4039652251636371e-08
2024-05-13 08:46:00,4.696909346106507e-08,1.409072803831952e-08
2024-05-13 08:47:00,4.916789683956203e-08,1.475036905186861e-08
2024-05-13 08:48:00,4.712876695991637e-08,1.4138630087974911e-08
2024-05-13 08:49:00,4.909251889934312e-08,1.4727755669802936e-08
2024-05-13 08:50:00,4.753512804361005e-08,1.4260538413083014e-08
2024-05-13 08:51:00,4.774762272954772e-08,1.4324286818864316e-08
2024-05-13 08:52:00,4.864856296794985e-08,1.4594568890384956e-08
2024-05-13 08:53:00,4.886066811776621e-08,1.4658200435329862e-08
2024-05-13 08:54:00,4.775926273252089e-08,1.4327778819756268e-08
2024-05-13 08:55:00,4.7590905837121734e-08,1.427727175113652e-08
2024-05-13 08:56:00,4.7864172952916916e-08,1.4359251885875076e-08
2024-05-13 08:57:00,4.819818656047884e-08,1.4459455968143652e-08
2024-05-13 08:58:00,4.868573327037303e-08,1.4605719981111908e-08
2024-05-13 08:59:00,4.800608785406267e-08,1.44018263562188e-08
2024-05-13 09:00:00,4.852179089017943e-08,1.4556537267053829e-08
2024-05-13 09:01:00,4.946088714941777e-08,1.4838266144825332e-08
2024-05-13 09:02:00,4.839492400615318e-08,1.4518477201845952e-08
2024-05-13 09:03:00,4.837261580738885e-08,1.4511784742216657e-08
2024-05-13 09:04:00,4.714739866938502e-08,1.4144219600815504e-08
2024-05-13 09:05:00,4.656872175993671e-08,1.3970616527981014e-08
2024-05-13 09:06:00,4.85318970724589e-08,1.455956912173767e-08
2024-05-13 09:07:00,4.819438475086542e-08,1.4458315425259625e-08
2024-05-13 09:08:00,4.7926556668566395e-08,1.4377967000569918e-08
2024-05-13 09:09:00,4.851733071953627e-08,1.455519921586088e-08
2024-05-13 09:10:00,4.831947816095182e-08,1.4495843448285546e-08
2024-05-13 09:11:00,4.93195141983416e-08,1.4795854259502478e-08
2024-05-13 09:12:00,4.8496352312857356e-08,1.4548905693857208e-08
2024-05-13 09:13:00,4.7934902828779705e-08,1.438047084863391e-08
2024-05-13 09:14:00,4.929904298659692e-08,1.4789712895979077e-08
2024-05-13 09:15:00,4.8371867451295804e-08,1.451156023538874e-08
2024-05-13 09:16:00,4.8976743579914526e-08,1.4693023073974357e-08
2024-05-13 09:17:00,4.8254101436065914e-08,1.4476230430819774e-08
2024-05-13 09:18:00,4.8169157913419816e-08,1.4450747374025945e-08
2024-05-13 09:19:00,4.873102032836535e-08,1.4619306098509606e-08
2024-05-13 09:20:00,4.871116679583118e-08,1.4613350038749354e-08
2024-05-13 09:21:00,4.910879179680276e-08,1.4732637539040828e-08
2024-05-13 09:22:00,4.8572370421936094e-08,1.4571711126580827e-08
2024-05-13 09:23:00,4.760025673713117e-08,1.428007702113935e-08
2024-05-13 09:24:00,4.852419696389572e-08,1.4557259089168716e-08
2024-05-13 09:25:00,4.9505148251510763e-08,1.4851544475453227e-08
2024-05-13 09:26:00,4.868925590393898e-08,1.4606776771181696e-08
2024-05-13 09:27:00,4.876054559431209e-08,1.4628163678293627e-08
2024-05-13 09:28:00,4.9773921022414514e-08,1.4932176306724352e-08
2024-05-13 09:29:00,4.8504877706757244e-08,1.4551463312027173e-08
2024-05-13 09:30:00,4.8013160369909644e-08,1.4403948110972893e-08
2024-05-13 09:31:00,4.896197149558667e-08,1.4688591448676e-08
2024-05-13 09:32:00,4.876569566310737e-08,1.4629708698932212e-08
2024-05-13 09:33:00,4.847636015344126e-08,1.4542908046032376e-08
2024-05-13 09:34:00,4.9056254198307374e-08,1.4716876259492213e-08
2024-05-13 09:35:00,4.9603802356730475e-08,1.4881140707019142e-08
2024-05-13 09:36:00,4.924952777199119e-08,1.4774858331597354e-08
2024-05-13 09:37:00,4.952742729652256e-08,1.485822818895677e-08
2024-05-13 09:38:00,5.089020918942776e-08,1.5267062756828326e-08
2024-05-13 09:39:00,4.911200910906162e-08,1.4733602732718488e-08
2024-05-13 09:40:00,4.9611387454391295e-08,1.4883416236317388e-08
2024-05-13 09:41:00,4.906613027519087e-08,1.4719839082557261e-08
2024-05-13 09:42:00,4.887337583327906e-08,1.4662012749983715e-08
2024-05-13 09:43:00,4.9085275752487815e-08,1.4725582725746344e-08
2024-05-13 09:44:00,4.919461503353174e-08,1.4758384510059523e-08
2024-05-13 09:45:00,4.98540055996695e-08,1.495620167990085e-08
2024-05-13 09:46:00,5.172508551690102e-08,1.5517525655070308e-08
2024-05-13 09:47:00,4.913982352348527e-08,1.474194705704558e-08
2024-05-13 09:48:00,4.938223532830489e-08,1.4814670598491469e-08
2024-05-13 09:49:00,4.96742135455451e-08,1.4902264063663527e-08
2024-05-13 09:50:00,5.006343354320444e-08,1.5019030062961332e-08
2024-05-13 09:51:00,4.9995552099111685e-08,1.4998665629733507e-08
2024-05-13 09:52:00,5.089241138153999e-08,1.5267723414461995e-08
2024-05-13 09:53:00,4.834141136519091e-08,1.4502423409557272e-08
2024-05-13 09:54:00,4.839858718373393e-08,1.451957615512018e-08
2024-05-13 09:55:00,4.95815643028228e-08,1.487446929084684e-08
2024-05-13 09:56:00,5.087124460433219e-08,1.5261373381299657e-08
2024-05-13 09:57:00,4.896688383160842e-08,1.4690065149482525e-08
2024-05-13 09:58:00,4.823474748006601e-08,1.4470424244019804e-08
2024-05-13 09:59:00,5.053442490511702e-08,1.5160327471535105e-08
2024-05-13 10:00:00,5.0310245611029736e-08,1.5093073683308918e-08
2024-05-13 10:01:00,4.9406860061069006e-08,1.48220580183207e-08
2024-05-13 10:02:00,4.951115242716621e-08,1.4853345728149861e-08
2024-05-13 10:03:00,4.955856003560291e-08,1.4867568010680871e-08
2024-05-13 10:04:00,5.0356282528539435e-08,1.510688475856183e-08
2024-05-13 10:05:00,4.9861657983575327e-08,1.4958497395072595e-08
2024-05-13 10:06:00,5.0732011207508945e-08,1.5219603362252684e-08
2024-05-13 10:07:00,4.864326320931369e-08,1.4592978962794106e-08
2024-05-13 10:08:00,4.9819303351547656e-08,1.4945791005464295e-08
2024-05-13 10:09:00,4.9682877608534356e-08,1.4904863282560308e-08
2024-05-13 10:10:00,5.030899384442287e-08,1.509269815332686e-08
2024-05-13 10:11:00,5.014764158041238e-08,1.5044292474123714e-08
2024-05-13 10:12:00,5.120877382533709e-08,1.5362632147601128e-08
2024-05-13 10:13:00,4.939404556999076e-08,1.4818213670997229e-08
2024-05-13 10:14:00,5.0683129026821036e-08,1.5204938708046308e-08
2024-05-13 10:15:00,5.1123672127906935e-08,1.533710163837208e-08
2024-05-13 10:16:00,5.2330655757447804e-08,1.569919672723434e-08
2024-05-13 10:17:00,5.041448755053748e-08,1.5124346265161244e-08
2024-05-13 10:18:00,5.105061789731929e-08,1.5315185369195785e-08
2024-05-13 10:19:00,4.965419718351562e-08,1.4896259155054686e-08
2024-05-13 10:20:00,4.9370425061247355e-08,1.4811127518374205e-08
2024-05-13 10:21:00,5.159169255708349e-08,1.5477507767125043e-08
2024-05-13 10:22:00,5.0950502140536415e-08,1.5285150642160922e-08
2024-05-13 10:23:00,5.196001177467254e-08,1.558800353240176e-08
2024-05-13 10:24:00,5.010089239314242e-08,1.5030267717942726e-08
2024-05-13 10:25:00,5.147594984243779e-08,1.5442784952731335e-08
2024-05-13 10:26:00,5.272691082817938e-08,1.5818073248453815e-08
2024-05-13 10:27:00,5.147280073371726e-08,1.544184022011518e-08
2024-05-13 10:28:00,5.139853982885021e-08,1.5419561948655064e-08
2024-05-13 10:29:00,5.123206440634044e-08,1.5369619321902132e-08
2024-05-13 10:30:00,5.0214965319175556e-08,1.5064489595752668e-08
2024-05-13 10:31:00,5.243105918382493e-08,1.5729317755147478e-08
2024-05-13 10:32:00,5.090495080620596e-08,1.527148524186179e-08
2024-05-13 10:33:00,5.177493272015604e-08,1.553247981604681e-08
2024-05-13 10:34:00,5.037611282321653e-08,1.5112833846964957e-08
2024-05-13 10:35:00,5.064962290141369e-08,1.5194886870424108e-08
2024-05-13 10:36:00,5.270066757303086e-08,1.5810200271909257e-08
2024-05-13 10:37:00,5.128532278451121e-08,1.5385596835353362e-08
2024-05-13 10:38:00,5.27964782428167e-08,1.5838943472845008e-08
2024-05-13 10:39:00,5.1559794088244005e-08,1.54679382264732e-08
2024-05-13 10:40:00,5.045069743796962e-08,1.5135209231390886e-08
2024-05-13 10:41:00,5.2413240904110624e-08,1.5723972271233185e-08
2024-05-13 10:42:00,5.1313661774460666e-08,1.53940985323382e-08
2024-05-13 10:43:00,5.232930384883847e-08,1.569879115465154e-08
2024-05-13 10:44:00,5.1835617790757364e-08,1.555068533722721e-08
2024-05-13 10:45:00,5.082340620223128e-08,1.5247021860669384e-08
2024-05-13 10:46:00,5.202126734691171e-08,1.5606380204073513e-08
2024-05-13 10:47:00,5.3887427179470544e-08,1.6166228153841162e-08
2024-05-13 10:48:00,5.236034886066388e-08,1.5708104658199165e-08
2024-05-13 10:49:00,5.197377065369896e-08,1.5592131196109687e-08
2024-05-13 10:50:00,5.2932106641729606e-08,1.5879631992518882e-08
2024-05-13 10:51:00,5.225768067671628e-08,1.5677304203014884e-08
2024-05-13 10:52:00,5.2297106788068286e-08,1.5689132036420486e-08
2024-05-13 10:53:00,5.142262004280206e-08,1.5426786012840617e-08
2024-05-13 10:54:00,5.239674060433689e-08,1.5719022181301067e-08
2024-05-13 10:55:00,5.3098857608155053e-08,1.5929657282446515e-08
2024-05-13 10:56:00,5.170993297951183e-08,1.5512979893853548e-08
2024-05-13 10:57:00,5.353094280528695e-08,1.6059282841586084e-08
2024-05-13 10:58:00,5.23121856017991e-08,1.569365568053973e-08
2024-05-13 10:59:00,5.1797800481235556e-08,1.5539340144370665e-08
2024-05-13 11:00:00,5.3269068421103846e-08,1.5980720526331152e-08
2024-05-13 11:01:00,5.229224257287956e-08,1.5687672771863865e-08
2024-05-13 11:02:00,5.314700293658889e-08,1.5944100880976667e-08
2024-05-13 11:03:00,5.237047841870136e-08,1.5711143525610407e-08
2024-05-13 11:04:00,5.2580892862186484e-08,1.5774267858655945e-08
2024-05-13 11:05:00,5.305081734899059e-08,1.5915245204697178e-08
2024-05-13 11:06:00,5.2930695829362025e-08,1.5879208748808607e-08
2024-05-13 11:07:00,5.145541504035784e-08,1.5436624512107352e-08
2024-05-13 11:08:00,5.2016022711860916e-08,1.5604806813558275e-08
2024-05-13 11:09:00,5.3579282673773076e-08,1.6073784802131922e-08
2024-05-13 11:10:00,5.2774479547295936e-08,1.5832343864188778e-08
2024-05-13 11:11:00,5.253620292416079e-08,1.5760860877248237e-08
2024-05-13 11:12:00,5.2033567908338775e-08,1.5610070372501633e-08
2024-05-13 11:13:00,5.224922606712587e-08,1.567476782013776e-08
2024-05-13 11:14:00,5.1730371625025456e-08,1.5519111487507636e-08
2024-05-13 11:15:00,5.300455862075904e-08,1.590136758622771e-08
2024-05-13 11:16:00,5.269229670798065e-08,1.5807689012394195e-08
2024-05-13 11:17:00,5.24884085407068e-08,1.574652256221204e-08
2024-05-13 11:18:00,5.315414118694526e-08,1.594624235608358e-08
2024-05-13 11:19:00,5.352731945698076e-08,1.6058195837094226e-08
2024-05-13 11:20:00,5.513289147879234e-08,1.65398674436377e-08
2024-05-13 11:21:00,5.231593242216599e-08,1.5694779726649797e-08
2024-05-13 11:22:00,5.432211745928074e-08,1.629663523778422e-08
2024-05-13 11:23:00,5.4200152005761734e-08,1.626004560172852e-08
2024-05-13 11:24:00,5.2904933351136176e-08,1.587148000534085e-08
2024-05-13 11:25:00,5.3653255354106586e-08,1.6095976606231975e-08
2024-05-13 11:26:00,5.3208899841321696e-08,1.5962669952396506e-08
2024-05-13 11:27:00,5.3724010521839147e-08,1.6117203156551743e-08
2024-05-13 11:28:00,5.489520761187202e-08,1.6468562283561606e-08
2024-05-13 11:29:00,5.4142759590926914e-08,1.6242827877278075e-08
2024-05-13 11:30:00,5.4105991516147344e-08,1.6231797454844203e-08
2024-05-13 11:31:00,5.3439439365857376e-08,1.603183180975721e-08
2024-05-13 11:32:00,5.2796533501368515e-08,1.583896005041055e-08
2024-05-13 11:33:00,5.3682924274462115e-08,1.6104877282338635e-08
2024-05-13 11:34:00,5.48713895656244e-08,1.6461416869687318e-08
2024-05-13 11:35:00,5.289826648051897e-08,1.5869479944155692e-08
2024-05-13 11:36:00,5.3232649857519885e-08,1.5969794957255966e-08
2024-05-13 11:37:00,5.410277701713724e-08,1.6230833105141172e-08
2024-05-13 11:38:00,5.3363324635971385e-08,1.6008997390791416e-08
2024-05-13 11:39:00,5.3532184831223876e-08,1.6059655449367164e-08
2024-05-13 11:40:00,5.382757427985981e-08,1.6148272283957943e-08
2024-05-13 11:41:00,5.3252096486373105e-08,1.597562894591193e-08
2024-05-13 11:42:00,5.3541368892848914e-08,1.606241066785467e-08
2024-05-13 11:43:00,5.48204172970598e-08,1.644612518911794e-08
2024-05-13 11:44:00,5.3416595815948024e-08,1.6024978744784406e-08
2024-05-13 11:45:00,5.328436642620864e-08,1.598530992786259e-08
2024-05-13 11:46:00,5.394213958945234e-08,1.61826418768357e-08
2024-05-13 11:47:00,5.501634397835303e-08,1.6504903193505908e-08
2024-05-13 11:48:00,5.433370705220599e-08,1.6300112115661796e-08
2024-05-13 11:49:00,5.418583965729977e-08,1.625575189718993e-08
2024-05-13 11:50:00,5.459900704441777e-08,1.637970211332533e-08
2024-05-13 11:51:00,5.345699228491105e-08,1.6037097685473315e-08
2024-05-13 11:52:00,5.503732350888562e-08,1.6511197052665684e-08
2024-05-13 11:53:00,5.499152649414086e-08,1.6497457948242256e-08
2024-05-13 11:54:00,5.444115049136917e-08,1.6332345147410753e-08
2024-05-13 11:55:00,5.559665275866324e-08,1.667899582759897e-08
2024-05-13 11:56:00,5.4047794464943104e-08,1.621433833948293e-08
2024-05-13 11:57:00,5.579097725642169e-08,1.6737293176926505e-08
2024-05-13 11:58:00,5.5030033411005914e-08,1.6509010023301773e-08
2024-05-13 11:59:00,5.4710236851506447e-08,1.6413071055451934e-08
2024-05-13 12:00:00,5.498511696799177e-08,1.6495535090397528e-08
